A,f,misfit
1.000000000000000000e+00,8.000000000000000444e-01,4.121007775760405778e-01
1.000000000000000000e+00,8.350000000000000755e-01,4.118139190307743003e-01
1.000000000000000000e+00,8.700000000000001066e-01,4.110182242335148062e-01
1.000000000000000000e+00,9.050000000000000266e-01,4.104329085305853941e-01
1.000000000000000000e+00,9.400000000000000577e-01,4.096166115921781592e-01
1.000000000000000000e+00,9.750000000000000888e-01,4.080737218108189679e-01
1.000000000000000000e+00,1.010000000000000009e+00,4.060973347712801829e-01
1.000000000000000000e+00,1.045000000000000151e+00,4.033472191882915281e-01
1.000000000000000000e+00,1.080000000000000071e+00,4.008653770438495578e-01
1.000000000000000000e+00,1.115000000000000213e+00,3.988542488140187636e-01
1.000000000000000000e+00,1.150000000000000133e+00,3.952261017132921439e-01
1.000000000000000000e+00,1.185000000000000053e+00,3.904598500938138428e-01
1.000000000000000000e+00,1.220000000000000195e+00,3.843127515650441861e-01
1.000000000000000000e+00,1.255000000000000115e+00,3.742589953175690654e-01
1.000000000000000000e+00,1.290000000000000036e+00,3.608765770626211067e-01
1.000000000000000000e+00,1.325000000000000178e+00,3.417890922496238382e-01
1.000000000000000000e+00,1.360000000000000098e+00,3.115059603961732315e-01
1.000000000000000000e+00,1.395000000000000018e+00,2.672837750201337847e-01
1.000000000000000000e+00,1.430000000000000160e+00,2.013543994910479973e-01
1.000000000000000000e+00,1.465000000000000080e+00,1.229971535819507911e-01
1.000000000000000000e+00,1.500000000000000000e+00,8.520510460983579670e-02
1.000000000000000000e+00,1.535000000000000142e+00,1.240815523001714688e-01
1.000000000000000000e+00,1.570000000000000062e+00,2.021612647689344788e-01
1.000000000000000000e+00,1.604999999999999982e+00,2.677741453211635037e-01
1.000000000000000000e+00,1.640000000000000124e+00,3.116501368297650565e-01
1.000000000000000000e+00,1.675000000000000266e+00,3.409230464982531683e-01
1.000000000000000000e+00,1.710000000000000187e+00,3.595165544223965504e-01
1.000000000000000000e+00,1.745000000000000107e+00,3.730921321490515696e-01
1.000000000000000000e+00,1.780000000000000249e+00,3.832270903489064517e-01
1.000000000000000000e+00,1.815000000000000169e+00,3.894728136045315092e-01
1.000000000000000000e+00,1.850000000000000089e+00,3.942199846504066962e-01
1.000000000000000000e+00,1.885000000000000231e+00,3.976880021765614170e-01
1.000000000000000000e+00,1.920000000000000151e+00,3.996744001970537474e-01
1.000000000000000000e+00,1.955000000000000071e+00,4.015504141348583689e-01
1.000000000000000000e+00,1.990000000000000213e+00,4.032251688038712700e-01
1.000000000000000000e+00,2.025000000000000355e+00,4.051024482410602867e-01
1.000000000000000000e+00,2.060000000000000497e+00,4.074336941983197624e-01
1.000000000000000000e+00,2.095000000000000195e+00,4.087619596564118774e-01
1.000000000000000000e+00,2.129999999999999893e+00,4.095612479667547490e-01
1.000000000000000000e+00,2.165000000000000036e+00,4.106562063635325055e-01
1.000000000000000000e+00,2.200000000000000178e+00,4.112446064009167013e-01
1.050000000000000044e+00,8.000000000000000444e-01,4.203534485787742692e-01
1.050000000000000044e+00,8.350000000000000755e-01,4.200540960944884605e-01
1.050000000000000044e+00,8.700000000000001066e-01,4.192188022696327621e-01
1.050000000000000044e+00,9.050000000000000266e-01,4.186052250123807328e-01
1.050000000000000044e+00,9.400000000000000577e-01,4.177498541517210562e-01
1.050000000000000044e+00,9.750000000000000888e-01,4.161300976064902235e-01
1.050000000000000044e+00,1.010000000000000009e+00,4.140551072593589566e-01
1.050000000000000044e+00,1.045000000000000151e+00,4.111688962617079390e-01
1.050000000000000044e+00,1.080000000000000071e+00,4.085635493095669535e-01
1.050000000000000044e+00,1.115000000000000213e+00,4.064516650446837187e-01
1.050000000000000044e+00,1.150000000000000133e+00,4.026430112086258895e-01
1.050000000000000044e+00,1.185000000000000053e+00,3.976393162065522402e-01
1.050000000000000044e+00,1.220000000000000195e+00,3.911846089901194201e-01
1.050000000000000044e+00,1.255000000000000115e+00,3.806285124342255188e-01
1.050000000000000044e+00,1.290000000000000036e+00,3.665779405118773648e-01
1.050000000000000044e+00,1.325000000000000178e+00,3.465360366839774220e-01
1.050000000000000044e+00,1.360000000000000098e+00,3.147386510881101107e-01
1.050000000000000044e+00,1.395000000000000018e+00,2.683061901519327996e-01
1.050000000000000044e+00,1.430000000000000160e+00,1.990806200886633681e-01
1.050000000000000044e+00,1.465000000000000080e+00,1.168051850709998368e-01
1.050000000000000044e+00,1.500000000000000000e+00,7.712405379862968813e-02
1.050000000000000044e+00,1.535000000000000142e+00,1.179448706480227538e-01
1.050000000000000044e+00,1.570000000000000062e+00,1.999282541799401181e-01
1.050000000000000044e+00,1.604999999999999982e+00,2.688219203066311014e-01
1.050000000000000044e+00,1.640000000000000124e+00,3.148923730523875419e-01
1.050000000000000044e+00,1.675000000000000266e+00,3.456288134097709741e-01
1.050000000000000044e+00,1.710000000000000187e+00,3.651518228916763587e-01
1.050000000000000044e+00,1.745000000000000107e+00,3.794067620793946660e-01
1.050000000000000044e+00,1.780000000000000249e+00,3.900486317130904546e-01
1.050000000000000044e+00,1.815000000000000169e+00,3.966063091552350928e-01
1.050000000000000044e+00,1.850000000000000089e+00,4.015911886268618280e-01
1.050000000000000044e+00,1.885000000000000231e+00,4.052330067737457964e-01
1.050000000000000044e+00,1.920000000000000151e+00,4.073184217696740328e-01
1.050000000000000044e+00,1.955000000000000071e+00,4.092882930957663090e-01
1.050000000000000044e+00,1.990000000000000213e+00,4.110472896601582993e-01
1.050000000000000044e+00,2.025000000000000355e+00,4.130183080133917328e-01
1.050000000000000044e+00,2.060000000000000497e+00,4.154659259695782092e-01
1.050000000000000044e+00,2.095000000000000195e+00,4.168610504748861412e-01
1.050000000000000044e+00,2.129999999999999893e+00,4.177004183576211727e-01
1.050000000000000044e+00,2.165000000000000036e+00,4.188498140301133432e-01
1.050000000000000044e+00,2.200000000000000178e+00,4.194678910002780370e-01
1.100000000000000089e+00,8.000000000000000444e-01,4.290198640124704421e-01
1.100000000000000089e+00,8.350000000000000755e-01,4.287081936832835560e-01
1.100000000000000089e+00,8.700000000000001066e-01,4.278333185177142228e-01
1.100000000000000089e+00,9.050000000000000266e-01,4.271915753471703936e-01
1.100000000000000089e+00,9.400000000000000577e-01,4.262972963666075144e-01
1.100000000000000089e+00,9.750000000000000888e-01,4.246006995075238266e-01
1.100000000000000089e+00,1.010000000000000009e+00,4.224271264284556460e-01
1.100000000000000089e+00,1.045000000000000151e+00,4.194049543365696575e-01
1.100000000000000089e+00,1.080000000000000071e+00,4.166761585100176024e-01
1.100000000000000089e+00,1.115000000000000213e+00,4.144634991983141559e-01
1.100000000000000089e+00,1.150000000000000133e+00,4.104744244002302977e-01
1.100000000000000089e+00,1.185000000000000053e+00,4.052333687963594056e-01
1.100000000000000089e+00,1.220000000000000195e+00,3.984710287245276095e-01
1.100000000000000089e+00,1.255000000000000115e+00,3.874126249558297319e-01
1.100000000000000089e+00,1.290000000000000036e+00,3.726939914846860713e-01
1.100000000000000089e+00,1.325000000000000178e+00,3.516976643776686950e-01
1.100000000000000089e+00,1.360000000000000098e+00,3.183860157870280205e-01
1.100000000000000089e+00,1.395000000000000018e+00,2.697433586915382042e-01
1.100000000000000089e+00,1.430000000000000160e+00,1.972216202123966422e-01
1.100000000000000089e+00,1.465000000000000080e+00,1.110279649611084357e-01
1.100000000000000089e+00,1.500000000000000000e+00,6.945780092642134251e-02
1.100000000000000089e+00,1.535000000000000142e+00,1.122230390086375595e-01
1.100000000000000089e+00,1.570000000000000062e+00,1.981100636455870312e-01
1.100000000000000089e+00,1.604999999999999982e+00,2.702845288273924007e-01
1.100000000000000089e+00,1.640000000000000124e+00,3.185495058257058476e-01
1.100000000000000089e+00,1.675000000000000266e+00,3.507494659391726666e-01
1.100000000000000089e+00,1.710000000000000187e+00,3.712019604227975167e-01
1.100000000000000089e+00,1.745000000000000107e+00,3.861363165548868381e-01
1.100000000000000089e+00,1.780000000000000249e+00,3.972851131961232518e-01
1.100000000000000089e+00,1.815000000000000169e+00,4.041547132080006155e-01
1.100000000000000089e+00,1.850000000000000089e+00,4.093773344266606884e-01
1.100000000000000089e+00,1.885000000000000231e+00,4.131929912651708947e-01
1.100000000000000089e+00,1.920000000000000151e+00,4.153773943864791929e-01
1.100000000000000089e+00,1.955000000000000071e+00,4.174411285000399485e-01
1.100000000000000089e+00,1.990000000000000213e+00,4.192844149752327776e-01
1.100000000000000089e+00,2.025000000000000355e+00,4.213491603344328706e-01
1.100000000000000089e+00,2.060000000000000497e+00,4.239131321658382023e-01
1.100000000000000089e+00,2.095000000000000195e+00,4.253751581730583764e-01
1.100000000000000089e+00,2.129999999999999893e+00,4.262546165955068966e-01
1.100000000000000089e+00,2.165000000000000036e+00,4.274584199585587108e-01
1.100000000000000089e+00,2.200000000000000178e+00,4.281061983311145180e-01
1.149999999999999911e+00,8.000000000000000444e-01,4.381000238771290967e-01
1.149999999999999911e+00,8.350000000000000755e-01,4.377762117971595313e-01
1.149999999999999911e+00,8.700000000000001066e-01,4.368617729777591330e-01
1.149999999999999911e+00,9.050000000000000266e-01,4.361919595349542655e-01
1.149999999999999911e+00,9.400000000000000577e-01,4.352589382368375337e-01
1.149999999999999911e+00,9.750000000000000888e-01,4.334855275139195552e-01
1.149999999999999911e+00,1.010000000000000009e+00,4.312133922785703621e-01
1.149999999999999911e+00,1.045000000000000151e+00,4.280553934128765725e-01
1.149999999999999911e+00,1.080000000000000071e+00,4.252032046452015046e-01
1.149999999999999911e+00,1.115000000000000213e+00,4.228897512749100751e-01
1.149999999999999911e+00,1.150000000000000133e+00,4.187203412881054798e-01
1.149999999999999911e+00,1.185000000000000053e+00,4.132420078632352278e-01
1.149999999999999911e+00,1.220000000000000195e+00,4.061720107682690317e-01
1.149999999999999911e+00,1.255000000000000115e+00,3.946113328823818711e-01
1.149999999999999911e+00,1.290000000000000036e+00,3.792247299810470595e-01
1.149999999999999911e+00,1.325000000000000178e+00,3.572739753306976573e-01
1.149999999999999911e+00,1.360000000000000098e+00,3.224480544929272385e-01
1.149999999999999911e+00,1.395000000000000018e+00,2.715952806389499430e-01
1.149999999999999911e+00,1.430000000000000160e+00,1.957773998622477085e-01
1.149999999999999911e+00,1.465000000000000080e+00,1.056654932522766571e-01
1.149999999999999911e+00,1.500000000000000000e+00,6.220634599321074598e-02
1.149999999999999911e+00,1.535000000000000142e+00,1.069160573820158722e-01
1.149999999999999911e+00,1.570000000000000062e+00,1.967066931658751905e-01
1.149999999999999911e+00,1.604999999999999982e+00,2.721619708834473461e-01
1.149999999999999911e+00,1.640000000000000124e+00,3.226215351497203065e-01
1.149999999999999911e+00,1.675000000000000266e+00,3.562850040864581347e-01
1.149999999999999911e+00,1.710000000000000187e+00,3.776669670157600245e-01
1.149999999999999911e+00,1.745000000000000107e+00,3.932807955755279194e-01
1.149999999999999911e+00,1.780000000000000249e+00,4.049365347980047880e-01
1.149999999999999911e+00,1.815000000000000169e+00,4.121180257628280219e-01
1.149999999999999911e+00,1.850000000000000089e+00,4.175784220498033883e-01
1.149999999999999911e+00,1.885000000000000231e+00,4.215679556508370451e-01
1.149999999999999911e+00,1.920000000000000151e+00,4.238513180474691167e-01
1.149999999999999911e+00,1.955000000000000071e+00,4.260089203476791764e-01
1.149999999999999911e+00,1.990000000000000213e+00,4.279365447490946495e-01
1.149999999999999911e+00,2.025000000000000355e+00,4.300950052041836447e-01
1.149999999999999911e+00,2.060000000000000497e+00,4.327753127870998529e-01
1.149999999999999911e+00,2.095000000000000195e+00,4.343042827509284720e-01
1.149999999999999911e+00,2.129999999999999893e+00,4.352238426804119209e-01
1.149999999999999911e+00,2.165000000000000036e+00,4.364820241488686636e-01
1.149999999999999911e+00,2.200000000000000178e+00,4.371595283934261444e-01
1.199999999999999956e+00,8.000000000000000444e-01,4.475939281727502883e-01
1.199999999999999956e+00,8.350000000000000755e-01,4.472581504361164972e-01
1.199999999999999956e+00,8.700000000000001066e-01,4.463041656497676035e-01
1.199999999999999956e+00,9.050000000000000266e-01,4.456063775757325152e-01
1.199999999999999956e+00,9.400000000000000577e-01,4.446347797624112808e-01
1.199999999999999956e+00,9.750000000000000888e-01,4.427845816256777978e-01
1.199999999999999956e+00,1.010000000000000009e+00,4.404139048097029940e-01
1.199999999999999956e+00,1.045000000000000151e+00,4.371202134906290171e-01
1.199999999999999956e+00,1.080000000000000071e+00,4.341446877151185491e-01
1.199999999999999956e+00,1.115000000000000213e+00,4.317304212744715319e-01
1.199999999999999956e+00,1.150000000000000133e+00,4.273807618722514912e-01
1.199999999999999956e+00,1.185000000000000053e+00,4.216652334071800401e-01
1.199999999999999956e+00,1.220000000000000195e+00,4.142875551213434093e-01
1.199999999999999956e+00,1.255000000000000115e+00,4.022246362138817699e-01
1.199999999999999956e+00,1.290000000000000036e+00,3.861701560009604406e-01
1.199999999999999956e+00,1.325000000000000178e+00,3.632649695430645309e-01
1.199999999999999956e+00,1.360000000000000098e+00,3.269247672058074872e-01
1.199999999999999956e+00,1.395000000000000018e+00,2.738619559941680159e-01
1.199999999999999956e+00,1.430000000000000160e+00,1.947479590382165948e-01
1.199999999999999956e+00,1.465000000000000080e+00,1.007177699445044455e-01
1.199999999999999956e+00,1.500000000000000000e+00,5.536968899899787772e-02
1.199999999999999956e+00,1.535000000000000142e+00,1.020239257681576778e-01
1.199999999999999956e+00,1.570000000000000062e+00,1.957181427408045682e-01
1.199999999999999956e+00,1.604999999999999982e+00,2.744542464747959376e-01
1.199999999999999956e+00,1.640000000000000124e+00,3.271084610244308077e-01
1.199999999999999956e+00,1.675000000000000266e+00,3.622354278516272119e-01
1.199999999999999956e+00,1.710000000000000187e+00,3.845468426705639375e-01
1.199999999999999956e+00,1.745000000000000107e+00,4.008401991413182430e-01
1.199999999999999956e+00,1.780000000000000249e+00,4.130028965187352852e-01
1.199999999999999956e+00,1.815000000000000169e+00,4.204962468197176451e-01
1.199999999999999956e+00,1.850000000000000089e+00,4.261944514962897057e-01
1.199999999999999956e+00,1.885000000000000231e+00,4.303578999307442476e-01
1.199999999999999956e+00,1.920000000000000151e+00,4.327401927526442482e-01
1.199999999999999956e+00,1.955000000000000071e+00,4.349916686386839926e-01
1.199999999999999956e+00,1.990000000000000213e+00,4.370036789817438594e-01
1.199999999999999956e+00,2.025000000000000355e+00,4.392558426226443324e-01
1.199999999999999956e+00,2.060000000000000497e+00,4.420524678333629942e-01
1.199999999999999956e+00,2.095000000000000195e+00,4.436484242084964835e-01
1.199999999999999956e+00,2.129999999999999893e+00,4.446080966123363010e-01
1.199999999999999956e+00,2.165000000000000036e+00,4.459206266010433684e-01
1.199999999999999956e+00,2.200000000000000178e+00,4.466278811872130827e-01
1.250000000000000000e+00,8.000000000000000444e-01,4.575015768993338505e-01
1.250000000000000000e+00,8.350000000000000755e-01,4.571540096001543985e-01
1.250000000000000000e+00,8.700000000000001066e-01,4.561604965337394679e-01
1.250000000000000000e+00,9.050000000000000266e-01,4.554348294695051425e-01
1.250000000000000000e+00,9.400000000000000577e-01,4.544248209433284780e-01
1.250000000000000000e+00,9.750000000000000888e-01,4.524978618427983879e-01
1.250000000000000000e+00,1.010000000000000009e+00,4.500286640218535972e-01
1.250000000000000000e+00,1.045000000000000151e+00,4.465994145698267137e-01
1.250000000000000000e+00,1.080000000000000071e+00,4.435006077197689578e-01
1.250000000000000000e+00,1.115000000000000213e+00,4.409855091969986374e-01
1.250000000000000000e+00,1.150000000000000133e+00,4.364556861526683318e-01
1.250000000000000000e+00,1.185000000000000053e+00,4.305030454281933983e-01
1.250000000000000000e+00,1.220000000000000195e+00,4.228176617837509643e-01
1.250000000000000000e+00,1.255000000000000115e+00,4.102525349503294838e-01
1.250000000000000000e+00,1.290000000000000036e+00,3.935302695444259924e-01
1.250000000000000000e+00,1.325000000000000178e+00,3.696706470147690937e-01
1.250000000000000000e+00,1.360000000000000098e+00,3.318161539256689885e-01
1.250000000000000000e+00,1.395000000000000018e+00,2.765433847571924231e-01
1.250000000000000000e+00,1.430000000000000160e+00,1.941332977403033289e-01
1.250000000000000000e+00,1.465000000000000080e+00,9.618479503779178708e-02
1.250000000000000000e+00,1.500000000000000000e+00,4.894782994378274465e-02
1.250000000000000000e+00,1.535000000000000142e+00,9.754664416706300412e-02
1.250000000000000000e+00,1.570000000000000062e+00,1.951444123703752198e-01
1.250000000000000000e+00,1.604999999999999982e+00,2.771613556014381752e-01
1.250000000000000000e+00,1.640000000000000124e+00,3.320102834498372957e-01
1.250000000000000000e+00,1.675000000000000266e+00,3.686007372346802313e-01
1.250000000000000000e+00,1.710000000000000187e+00,3.918415873872091448e-01
1.250000000000000000e+00,1.745000000000000107e+00,4.088145272522574758e-01
1.250000000000000000e+00,1.780000000000000249e+00,4.214841983583145213e-01
1.250000000000000000e+00,1.815000000000000169e+00,4.292893763786691519e-01
1.250000000000000000e+00,1.850000000000000089e+00,4.352254227661197516e-01
1.250000000000000000e+00,1.885000000000000231e+00,4.395628241048923357e-01
1.250000000000000000e+00,1.920000000000000151e+00,4.420440185020040880e-01
1.250000000000000000e+00,1.955000000000000071e+00,4.443893733730545081e-01
1.250000000000000000e+00,1.990000000000000213e+00,4.464858176731805184e-01
1.250000000000000000e+00,2.025000000000000355e+00,4.488316725898146564e-01
1.250000000000000000e+00,2.060000000000000497e+00,4.517445973046277374e-01
1.250000000000000000e+00,2.095000000000000195e+00,4.534075825457622444e-01
1.250000000000000000e+00,2.129999999999999893e+00,4.544073783912799813e-01
1.250000000000000000e+00,2.165000000000000036e+00,4.557742273150824364e-01
1.250000000000000000e+00,2.200000000000000178e+00,4.565112567124749998e-01
1.300000000000000044e+00,8.000000000000000444e-01,4.678229700568799498e-01
1.300000000000000044e+00,8.350000000000000755e-01,4.674637892892732349e-01
1.300000000000000044e+00,8.700000000000001066e-01,4.664307656296747262e-01
1.300000000000000044e+00,9.050000000000000266e-01,4.656773152162718699e-01
1.300000000000000044e+00,9.400000000000000577e-01,4.646290617795895139e-01
1.300000000000000044e+00,9.750000000000000888e-01,4.626253681652812699e-01
1.300000000000000044e+00,1.010000000000000009e+00,4.600576699150222271e-01
1.300000000000000044e+00,1.045000000000000151e+00,4.564929966504697179e-01
1.300000000000000044e+00,1.080000000000000071e+00,4.532709646591525088e-01
1.300000000000000044e+00,1.115000000000000213e+00,4.506550150424911694e-01
1.300000000000000044e+00,1.150000000000000133e+00,4.459451141293558352e-01
1.300000000000000044e+00,1.185000000000000053e+00,4.397554439262755799e-01
1.300000000000000044e+00,1.220000000000000195e+00,4.317623307554915302e-01
1.300000000000000044e+00,1.255000000000000115e+00,4.186950290917250128e-01
1.300000000000000044e+00,1.290000000000000036e+00,4.013050706114439925e-01
1.300000000000000044e+00,1.325000000000000178e+00,3.764910077458115123e-01
1.300000000000000044e+00,1.360000000000000098e+00,3.371222146525116314e-01
1.300000000000000044e+00,1.395000000000000018e+00,2.796395669280231644e-01
1.300000000000000044e+00,1.430000000000000160e+00,1.939334159685078551e-01
1.300000000000000044e+00,1.465000000000000080e+00,9.206656853213873726e-02
1.300000000000000044e+00,1.500000000000000000e+00,4.294076882756533986e-02
1.300000000000000044e+00,1.535000000000000142e+00,9.348421257873186507e-02
1.300000000000000044e+00,1.570000000000000062e+00,1.949855020545870898e-01
1.300000000000000044e+00,1.604999999999999982e+00,2.802832982633742254e-01
1.300000000000000044e+00,1.640000000000000124e+00,3.373270024259397704e-01
1.300000000000000044e+00,1.675000000000000266e+00,3.753809322356169154e-01
1.300000000000000044e+00,1.710000000000000187e+00,3.995512011656956464e-01
1.300000000000000044e+00,1.745000000000000107e+00,4.172037799083457288e-01
1.300000000000000044e+00,1.780000000000000249e+00,4.303804403167427184e-01
1.300000000000000044e+00,1.815000000000000169e+00,4.384974144396827644e-01
1.300000000000000044e+00,1.850000000000000089e+00,4.446713358592935261e-01
1.300000000000000044e+00,1.885000000000000231e+00,4.491827281732815313e-01
1.300000000000000044e+00,1.920000000000000151e+00,4.517627952955490245e-01
1.300000000000000044e+00,1.955000000000000071e+00,4.542020345507906676e-01
1.300000000000000044e+00,1.990000000000000213e+00,4.563829608234045709e-01
1.300000000000000044e+00,2.025000000000000355e+00,4.588224951056947831e-01
1.300000000000000044e+00,2.060000000000000497e+00,4.618517012008940825e-01
1.300000000000000044e+00,2.095000000000000195e+00,4.635817577627260877e-01
1.300000000000000044e+00,2.129999999999999893e+00,4.646216880172430175e-01
1.300000000000000044e+00,2.165000000000000036e+00,4.660428262909862007e-01
1.300000000000000044e+00,2.200000000000000178e+00,4.668096549692123953e-01
1.350000000000000089e+00,8.000000000000000444e-01,4.785581076453885863e-01
1.350000000000000089e+00,8.350000000000000755e-01,4.781874895034728401e-01
1.350000000000000089e+00,8.700000000000001066e-01,4.771149729375736559e-01
1.350000000000000089e+00,9.050000000000000266e-01,4.763338348160331415e-01
1.350000000000000089e+00,9.400000000000000577e-01,4.752475022711940000e-01
1.350000000000000089e+00,9.750000000000000888e-01,4.731671005931263330e-01
1.350000000000000089e+00,1.010000000000000009e+00,4.705009224892088837e-01
1.350000000000000089e+00,1.045000000000000151e+00,4.668009597325580851e-01
1.350000000000000089e+00,1.080000000000000071e+00,4.634557585332694241e-01
1.350000000000000089e+00,1.115000000000000213e+00,4.607389388109494055e-01
1.350000000000000089e+00,1.150000000000000133e+00,4.558490458023142233e-01
1.350000000000000089e+00,1.185000000000000053e+00,4.494224289014265294e-01
1.350000000000000089e+00,1.220000000000000195e+00,4.411215620365652179e-01
1.350000000000000089e+00,1.255000000000000115e+00,4.275521186380683569e-01
1.350000000000000089e+00,1.290000000000000036e+00,4.094945592020143299e-01
1.350000000000000089e+00,1.325000000000000178e+00,3.837260517361915646e-01
1.350000000000000089e+00,1.360000000000000098e+00,3.428429493863354161e-01
1.350000000000000089e+00,1.395000000000000018e+00,2.831505025066601844e-01
1.350000000000000089e+00,1.430000000000000160e+00,1.941483137228302569e-01
1.350000000000000089e+00,1.465000000000000080e+00,8.836309042754526832e-02
1.350000000000000089e+00,1.500000000000000000e+00,3.734850565034568415e-02
1.350000000000000089e+00,1.535000000000000142e+00,8.983663100316420513e-02
1.350000000000000089e+00,1.570000000000000062e+00,1.952414117934402615e-01
1.350000000000000089e+00,1.604999999999999982e+00,2.838200744606038661e-01
1.350000000000000089e+00,1.640000000000000124e+00,3.430586179527383428e-01
1.350000000000000089e+00,1.675000000000000266e+00,3.825760128544373750e-01
1.350000000000000089e+00,1.710000000000000187e+00,4.076756840060235532e-01
1.350000000000000089e+00,1.745000000000000107e+00,4.260079571095829465e-01
1.350000000000000089e+00,1.780000000000000249e+00,4.396916223940196544e-01
1.350000000000000089e+00,1.815000000000000169e+00,4.481203610027582607e-01
1.350000000000000089e+00,1.850000000000000089e+00,4.545321907758109736e-01
1.350000000000000089e+00,1.885000000000000231e+00,4.592176121359116125e-01
1.350000000000000089e+00,1.920000000000000151e+00,4.618965231332786692e-01
1.350000000000000089e+00,1.955000000000000071e+00,4.644296521718924153e-01
1.350000000000000089e+00,1.990000000000000213e+00,4.666951084324160171e-01
1.350000000000000089e+00,2.025000000000000355e+00,4.692283101702847126e-01
1.350000000000000089e+00,2.060000000000000497e+00,4.723737795221620295e-01
1.350000000000000089e+00,2.095000000000000195e+00,4.741709498593876804e-01
1.350000000000000089e+00,2.129999999999999893e+00,4.752510254902252984e-01
1.350000000000000089e+00,2.165000000000000036e+00,4.767264235287546614e-01
1.350000000000000089e+00,2.200000000000000178e+00,4.775230759574248252e-01
1.399999999999999911e+00,8.000000000000000444e-01,4.897069896648594267e-01
1.399999999999999911e+00,8.350000000000000755e-01,4.893251102427534915e-01
1.399999999999999911e+00,8.700000000000001066e-01,4.882131184574357574e-01
1.399999999999999911e+00,9.050000000000000266e-01,4.874043882687885132e-01
1.399999999999999911e+00,9.400000000000000577e-01,4.862801424181421028e-01
1.399999999999999911e+00,9.750000000000000888e-01,4.841230591263339100e-01
1.399999999999999911e+00,1.010000000000000009e+00,4.813584217444134561e-01
1.399999999999999911e+00,1.045000000000000151e+00,4.775233038160917043e-01
1.399999999999999911e+00,1.080000000000000071e+00,4.740549893421195371e-01
1.399999999999999911e+00,1.115000000000000213e+00,4.712372805023729017e-01
1.399999999999999911e+00,1.150000000000000133e+00,4.661674811715433298e-01
1.399999999999999911e+00,1.185000000000000053e+00,4.595040003536462470e-01
1.399999999999999911e+00,1.220000000000000195e+00,4.508953556269717500e-01
1.399999999999999911e+00,1.255000000000000115e+00,4.368238035893595161e-01
1.399999999999999911e+00,1.290000000000000036e+00,4.180987353161369491e-01
1.399999999999999911e+00,1.325000000000000178e+00,3.913757789859094172e-01
1.399999999999999911e+00,1.360000000000000098e+00,3.489783581271403978e-01
1.399999999999999911e+00,1.395000000000000018e+00,2.870761914931036496e-01
1.399999999999999911e+00,1.430000000000000160e+00,1.947779910032704509e-01
1.399999999999999911e+00,1.465000000000000080e+00,8.507436072401139415e-02
1.399999999999999911e+00,1.500000000000000000e+00,3.217104041212378446e-02
1.399999999999999911e+00,1.535000000000000142e+00,8.660389944036007981e-02
1.399999999999999911e+00,1.570000000000000062e+00,1.959121415869345961e-01
1.399999999999999911e+00,1.604999999999999982e+00,2.877716841931270975e-01
1.399999999999999911e+00,1.640000000000000124e+00,3.492051300302329020e-01
1.399999999999999911e+00,1.675000000000000266e+00,3.901859790911414438e-01
1.399999999999999911e+00,1.710000000000000187e+00,4.162150359081927542e-01
1.399999999999999911e+00,1.745000000000000107e+00,4.352270588559691844e-01
1.399999999999999911e+00,1.780000000000000249e+00,4.494177445901454404e-01
1.399999999999999911e+00,1.815000000000000169e+00,4.581582160678958071e-01
1.399999999999999911e+00,1.850000000000000089e+00,4.648079875156722052e-01
1.399999999999999911e+00,1.885000000000000231e+00,4.696674759927826903e-01
1.399999999999999911e+00,1.920000000000000151e+00,4.724452020151934106e-01
1.399999999999999911e+00,1.955000000000000071e+00,4.750722262363596959e-01
1.399999999999999911e+00,1.990000000000000213e+00,4.774222605002148567e-01
1.399999999999999911e+00,2.025000000000000355e+00,4.800491177835843337e-01
1.399999999999999911e+00,2.060000000000000497e+00,4.833108322684315228e-01
1.399999999999999911e+00,2.095000000000000195e+00,4.851751588357471889e-01
1.399999999999999911e+00,2.129999999999999893e+00,4.862953908102267686e-01
1.399999999999999911e+00,2.165000000000000036e+00,4.878250190283875964e-01
1.399999999999999911e+00,2.200000000000000178e+00,4.886515196771124558e-01
1.449999999999999956e+00,8.000000000000000444e-01,5.012696161152929708e-01
1.449999999999999956e+00,8.350000000000000755e-01,5.008766515071149117e-01
1.449999999999999956e+00,8.700000000000001066e-01,4.997252021892615303e-01
1.449999999999999956e+00,9.050000000000000266e-01,4.988889755745383181e-01
1.449999999999999956e+00,9.400000000000000577e-01,4.977269822204339333e-01
1.449999999999999956e+00,9.750000000000000888e-01,4.954932437649036681e-01
1.449999999999999956e+00,1.010000000000000009e+00,4.926301676806360552e-01
1.449999999999999956e+00,1.045000000000000151e+00,4.886600289010707976e-01
1.449999999999999956e+00,1.080000000000000071e+00,4.850686570857028479e-01
1.449999999999999956e+00,1.115000000000000213e+00,4.821500401167621019e-01
1.449999999999999956e+00,1.150000000000000133e+00,4.769004202370433210e-01
1.449999999999999956e+00,1.185000000000000053e+00,4.700001582829345659e-01
1.449999999999999956e+00,1.220000000000000195e+00,4.610837115267115149e-01
1.449999999999999956e+00,1.255000000000000115e+00,4.465100839455985460e-01
1.449999999999999956e+00,1.290000000000000036e+00,4.271175989538117945e-01
1.449999999999999956e+00,1.325000000000000178e+00,3.994401894949650145e-01
1.449999999999999956e+00,1.360000000000000098e+00,3.555284408749265768e-01
1.449999999999999956e+00,1.395000000000000018e+00,2.914166338873533935e-01
1.449999999999999956e+00,1.430000000000000160e+00,1.958224478098284649e-01
1.449999999999999956e+00,1.465000000000000080e+00,8.220037942153711474e-02
1.449999999999999956e+00,1.500000000000000000e+00,2.740837311289961997e-02
1.449999999999999956e+00,1.535000000000000142e+00,8.378601789031946134e-02
1.449999999999999956e+00,1.570000000000000062e+00,1.969976914350702324e-01
1.449999999999999956e+00,1.604999999999999982e+00,2.921381274609441414e-01
1.449999999999999956e+00,1.640000000000000124e+00,3.557665386584235589e-01
1.449999999999999956e+00,1.675000000000000266e+00,3.982108309457294548e-01
1.449999999999999956e+00,1.710000000000000187e+00,4.251692568722034160e-01
1.449999999999999956e+00,1.745000000000000107e+00,4.448610851475044425e-01
1.449999999999999956e+00,1.780000000000000249e+00,4.595588069051200764e-01
1.449999999999999956e+00,1.815000000000000169e+00,4.686109796350954038e-01
1.449999999999999956e+00,1.850000000000000089e+00,4.754987260788771097e-01
1.449999999999999956e+00,1.885000000000000231e+00,4.805323197438947647e-01
1.449999999999999956e+00,1.920000000000000151e+00,4.834088319412929713e-01
1.449999999999999956e+00,1.955000000000000071e+00,4.861297567441928424e-01
1.449999999999999956e+00,1.990000000000000213e+00,4.885644170268010344e-01
1.449999999999999956e+00,2.025000000000000355e+00,4.912849179455937576e-01
1.449999999999999956e+00,2.060000000000000497e+00,4.946628594397025069e-01
1.449999999999999956e+00,2.095000000000000195e+00,4.965943846918047244e-01
1.449999999999999956e+00,2.129999999999999893e+00,4.977547839772477611e-01
1.449999999999999956e+00,2.165000000000000036e+00,4.993386127898851723e-01
1.449999999999999956e+00,2.200000000000000178e+00,5.001949861282752874e-01
1.500000000000000000e+00,8.000000000000000444e-01,5.132459869966888855e-01
1.500000000000000000e+00,8.350000000000000755e-01,5.128421132965574891e-01
1.500000000000000000e+00,8.700000000000001066e-01,5.116512241330508637e-01
1.500000000000000000e+00,9.050000000000000266e-01,5.107875967332823341e-01
1.500000000000000000e+00,9.400000000000000577e-01,5.095880216780692695e-01
1.500000000000000000e+00,9.750000000000000888e-01,5.072776545088357736e-01
1.500000000000000000e+00,1.010000000000000009e+00,5.043161602978766256e-01
1.500000000000000000e+00,1.045000000000000151e+00,5.002111349874951429e-01
1.500000000000000000e+00,1.080000000000000071e+00,4.964967617640194675e-01
1.500000000000000000e+00,1.115000000000000213e+00,4.934772176541168398e-01
1.500000000000000000e+00,1.150000000000000133e+00,4.880478629988140304e-01
1.500000000000000000e+00,1.185000000000000053e+00,4.809109026892917638e-01
1.500000000000000000e+00,1.220000000000000195e+00,4.716866297357843463e-01
1.500000000000000000e+00,1.255000000000000115e+00,4.566109597067854464e-01
1.500000000000000000e+00,1.290000000000000036e+00,4.365511501150391438e-01
1.500000000000000000e+00,1.325000000000000178e+00,4.079192832633583565e-01
1.500000000000000000e+00,1.360000000000000098e+00,3.624931976296939529e-01
1.500000000000000000e+00,1.395000000000000018e+00,2.961718296894094160e-01
1.500000000000000000e+00,1.430000000000000160e+00,1.972816841425043266e-01
1.500000000000000000e+00,1.465000000000000080e+00,7.974114652012238846e-02
1.500000000000000000e+00,1.500000000000000000e+00,2.306050375267318375e-02
1.500000000000000000e+00,1.535000000000000142e+00,8.138298635304233586e-02
1.500000000000000000e+00,1.570000000000000062e+00,1.984980613378470871e-01
1.500000000000000000e+00,1.604999999999999982e+00,2.969194042640547759e-01
1.500000000000000000e+00,1.640000000000000124e+00,3.627428438373101471e-01
1.500000000000000000e+00,1.675000000000000266e+00,4.066505684182011859e-01
1.500000000000000000e+00,1.710000000000000187e+00,4.345383468980553165e-01
1.500000000000000000e+00,1.745000000000000107e+00,4.549100359841888319e-01
1.500000000000000000e+00,1.780000000000000249e+00,4.701148093389435068e-01
1.500000000000000000e+00,1.815000000000000169e+00,4.794786517043570506e-01
1.500000000000000000e+00,1.850000000000000089e+00,4.866044064654256318e-01
1.500000000000000000e+00,1.885000000000000231e+00,4.918121433892478356e-01
1.500000000000000000e+00,1.920000000000000151e+00,4.947874129115775177e-01
1.500000000000000000e+00,1.955000000000000071e+00,4.976022436953914663e-01
1.500000000000000000e+00,1.990000000000000213e+00,5.001215780121746057e-01
1.500000000000000000e+00,2.025000000000000355e+00,5.029357106563129287e-01
1.500000000000000000e+00,2.060000000000000497e+00,5.064298610359750930e-01
1.500000000000000000e+00,2.095000000000000195e+00,5.084286274275600093e-01
1.500000000000000000e+00,2.129999999999999893e+00,5.096292049912880540e-01
1.500000000000000000e+00,2.165000000000000036e+00,5.112672048132473890e-01
1.500000000000000000e+00,2.200000000000000178e+00,5.121534753109133753e-01
1.550000000000000044e+00,8.000000000000000444e-01,5.256361023090473372e-01
1.550000000000000044e+00,8.350000000000000755e-01,5.252214956110808908e-01
1.550000000000000044e+00,8.700000000000001066e-01,5.239911842888035354e-01
1.550000000000000044e+00,9.050000000000000266e-01,5.231002517450207279e-01
1.550000000000000044e+00,9.400000000000000577e-01,5.218632607910485000e-01
1.550000000000000044e+00,9.750000000000000888e-01,5.194762913581303376e-01
1.550000000000000044e+00,1.010000000000000009e+00,5.164163995961352782e-01
1.550000000000000044e+00,1.045000000000000151e+00,5.121766220753647403e-01
1.550000000000000044e+00,1.080000000000000071e+00,5.083393033770693403e-01
1.550000000000000044e+00,1.115000000000000213e+00,5.052188131144370598e-01
1.550000000000000044e+00,1.150000000000000133e+00,4.996098094568555137e-01
1.550000000000000044e+00,1.185000000000000053e+00,4.922362335727177851e-01
1.550000000000000044e+00,1.220000000000000195e+00,4.827041102541901885e-01
1.550000000000000044e+00,1.255000000000000115e+00,4.671264308729201065e-01
1.550000000000000044e+00,1.290000000000000036e+00,4.463993887998186638e-01
1.550000000000000044e+00,1.325000000000000178e+00,4.168130602910895544e-01
1.550000000000000044e+00,1.360000000000000098e+00,3.698726283914424706e-01
1.550000000000000044e+00,1.395000000000000018e+00,3.013417788992718838e-01
1.550000000000000044e+00,1.430000000000000160e+00,1.991557000012980083e-01
1.550000000000000044e+00,1.465000000000000080e+00,7.769666201976725695e-02
1.550000000000000044e+00,1.500000000000000000e+00,1.912743233144449315e-02
1.550000000000000044e+00,1.535000000000000142e+00,7.939480482852873111e-02
1.550000000000000044e+00,1.570000000000000062e+00,2.004132512952652434e-01
1.550000000000000044e+00,1.604999999999999982e+00,3.021155146024591676e-01
1.550000000000000044e+00,1.640000000000000124e+00,3.701340455668928331e-01
1.550000000000000044e+00,1.675000000000000266e+00,4.155051915085565817e-01
1.550000000000000044e+00,1.710000000000000187e+00,4.443223059857485668e-01
1.550000000000000044e+00,1.745000000000000107e+00,4.653739113660221860e-01
1.550000000000000044e+00,1.780000000000000249e+00,4.810857518916159536e-01
1.550000000000000044e+00,1.815000000000000169e+00,4.907612322756806367e-01
1.550000000000000044e+00,1.850000000000000089e+00,4.981250286753180490e-01
1.550000000000000044e+00,1.885000000000000231e+00,5.035069469288417920e-01
1.550000000000000044e+00,1.920000000000000151e+00,5.065809449260469943e-01
1.550000000000000044e+00,1.955000000000000071e+00,5.094896870899559005e-01
1.550000000000000044e+00,1.990000000000000213e+00,5.120937434563357371e-01
1.550000000000000044e+00,2.025000000000000355e+00,5.150014959157418470e-01
1.550000000000000044e+00,2.060000000000000497e+00,5.186118370572494474e-01
1.550000000000000044e+00,2.095000000000000195e+00,5.206778870430132100e-01
1.550000000000000044e+00,2.129999999999999893e+00,5.219186538523475916e-01
1.550000000000000044e+00,2.165000000000000036e+00,5.236107950984741910e-01
1.550000000000000044e+00,2.200000000000000178e+00,5.245269872250266641e-01
1.600000000000000089e+00,8.000000000000000444e-01,5.384399620523682151e-01
1.600000000000000089e+00,8.350000000000000755e-01,5.380147984506852277e-01
1.600000000000000089e+00,8.700000000000001066e-01,5.367450826565196564e-01
1.600000000000000089e+00,9.050000000000000266e-01,5.358269406097534437e-01
1.600000000000000089e+00,9.400000000000000577e-01,5.345526995593710140e-01
1.600000000000000089e+00,9.750000000000000888e-01,5.320891543127871381e-01
1.600000000000000089e+00,1.010000000000000009e+00,5.289308855754117911e-01
1.600000000000000089e+00,1.045000000000000151e+00,5.245564901646797562e-01
1.600000000000000089e+00,1.080000000000000071e+00,5.205962819248524109e-01
1.600000000000000089e+00,1.115000000000000213e+00,5.173748264977229283e-01
1.600000000000000089e+00,1.150000000000000133e+00,5.115862596111677707e-01
1.600000000000000089e+00,1.185000000000000053e+00,5.039761509332124634e-01
1.600000000000000089e+00,1.220000000000000195e+00,4.941361530819291525e-01
1.600000000000000089e+00,1.255000000000000115e+00,4.780564974440025816e-01
1.600000000000000089e+00,1.290000000000000036e+00,4.566623150081506322e-01
1.600000000000000089e+00,1.325000000000000178e+00,4.261215205781584969e-01
1.600000000000000089e+00,1.360000000000000098e+00,3.776667331601721300e-01
1.600000000000000089e+00,1.395000000000000018e+00,3.069264815169406857e-01
1.600000000000000089e+00,1.430000000000000160e+00,2.014444953862095100e-01
1.600000000000000089e+00,1.465000000000000080e+00,7.606692592047172019e-02
1.600000000000000089e+00,1.500000000000000000e+00,1.560915884921353948e-02
1.600000000000000089e+00,1.535000000000000142e+00,7.782147331677864710e-02
1.600000000000000089e+00,1.570000000000000062e+00,2.027432613073245904e-01
1.600000000000000089e+00,1.604999999999999982e+00,3.077264584761570387e-01
1.600000000000000089e+00,1.640000000000000124e+00,3.779401438471715058e-01
1.600000000000000089e+00,1.675000000000000266e+00,4.247747002167958641e-01
1.600000000000000089e+00,1.710000000000000187e+00,4.545211341352832779e-01
1.600000000000000089e+00,1.745000000000000107e+00,4.762527112930046713e-01
1.600000000000000089e+00,1.780000000000000249e+00,4.924716345631369174e-01
1.600000000000000089e+00,1.815000000000000169e+00,5.024587213490662174e-01
1.600000000000000089e+00,1.850000000000000089e+00,5.100605927085539726e-01
1.600000000000000089e+00,1.885000000000000231e+00,5.156167303626768561e-01
1.600000000000000089e+00,1.920000000000000151e+00,5.187894279847012902e-01
1.600000000000000089e+00,1.955000000000000071e+00,5.217920869278857010e-01
1.600000000000000089e+00,1.990000000000000213e+00,5.244809133592841510e-01
1.600000000000000089e+00,2.025000000000000355e+00,5.274822737238806791e-01
1.600000000000000089e+00,2.060000000000000497e+00,5.312087875035252926e-01
1.600000000000000089e+00,2.095000000000000195e+00,5.333421635381644377e-01
1.600000000000000089e+00,2.129999999999999893e+00,5.346231305604265405e-01
1.600000000000000089e+00,2.165000000000000036e+00,5.363693836455655228e-01
1.600000000000000089e+00,2.200000000000000178e+00,5.373155218706151537e-01
1.649999999999999911e+00,8.000000000000000444e-01,5.516575662266514080e-01
1.649999999999999911e+00,8.350000000000000755e-01,5.512220218153703888e-01
1.649999999999999911e+00,8.700000000000001066e-01,5.499129192361993379e-01
1.649999999999999911e+00,9.050000000000000266e-01,5.489676633274802597e-01
1.649999999999999911e+00,9.400000000000000577e-01,5.476563379830372558e-01
1.649999999999999911e+00,9.750000000000000888e-01,5.451162433728062862e-01
1.649999999999999911e+00,1.010000000000000009e+00,5.418596182357062752e-01
1.649999999999999911e+00,1.045000000000000151e+00,5.373507392554400797e-01
1.649999999999999911e+00,1.080000000000000071e+00,5.332676974073687903e-01
1.649999999999999911e+00,1.115000000000000213e+00,5.299452578039740569e-01
1.649999999999999911e+00,1.150000000000000133e+00,5.239772134617508570e-01
1.649999999999999911e+00,1.185000000000000053e+00,5.161306547707757986e-01
1.649999999999999911e+00,1.220000000000000195e+00,5.059827582190011830e-01
1.649999999999999911e+00,1.255000000000000115e+00,4.894011594200328163e-01
1.649999999999999911e+00,1.290000000000000036e+00,4.673399287400348823e-01
1.649999999999999911e+00,1.325000000000000178e+00,4.358446641245650177e-01
1.649999999999999911e+00,1.360000000000000098e+00,3.858755119358828756e-01
1.649999999999999911e+00,1.395000000000000018e+00,3.129259375424156553e-01
1.649999999999999911e+00,1.430000000000000160e+00,2.041480702972388039e-01
1.649999999999999911e+00,1.465000000000000080e+00,7.485193822223576432e-02
1.649999999999999911e+00,1.500000000000000000e+00,1.250568330598034010e-02
1.649999999999999911e+00,1.535000000000000142e+00,7.666299181779205607e-02
1.649999999999999911e+00,1.570000000000000062e+00,2.054880913740252113e-01
1.649999999999999911e+00,1.604999999999999982e+00,3.137522358851487225e-01
1.649999999999999911e+00,1.640000000000000124e+00,3.861611386781461097e-01
1.649999999999999911e+00,1.675000000000000266e+00,4.344590945429187556e-01
1.649999999999999911e+00,1.710000000000000187e+00,4.651348313466591722e-01
1.649999999999999911e+00,1.745000000000000107e+00,4.875464357651358993e-01
1.649999999999999911e+00,1.780000000000000249e+00,5.042724573535070087e-01
1.649999999999999911e+00,1.815000000000000169e+00,5.145711189245137929e-01
1.649999999999999911e+00,1.850000000000000089e+00,5.224110985651337913e-01
1.649999999999999911e+00,1.885000000000000231e+00,5.281414936907528057e-01
1.649999999999999911e+00,1.920000000000000151e+00,5.314128620875405717e-01
1.649999999999999911e+00,1.955000000000000071e+00,5.345094432091813674e-01
1.649999999999999911e+00,1.990000000000000213e+00,5.372830877210199585e-01
1.649999999999999911e+00,2.025000000000000355e+00,5.403780440807290919e-01
1.649999999999999911e+00,2.060000000000000497e+00,5.442207123748027398e-01
1.649999999999999911e+00,2.095000000000000195e+00,5.464214569130134702e-01
1.649999999999999911e+00,2.129999999999999893e+00,5.477426351155246786e-01
1.649999999999999911e+00,2.165000000000000036e+00,5.495429704545214955e-01
1.649999999999999911e+00,2.200000000000000178e+00,5.505190792476787331e-01
1.700000000000000178e+00,8.000000000000000444e-01,5.652889148318971380e-01
1.700000000000000178e+00,8.350000000000000755e-01,5.648431657051365962e-01
1.700000000000000178e+00,8.700000000000001066e-01,5.634946940278424687e-01
1.700000000000000178e+00,9.050000000000000266e-01,5.625224198982017310e-01
1.700000000000000178e+00,9.400000000000000577e-01,5.611741760620473363e-01
1.700000000000000178e+00,9.750000000000000888e-01,5.585575585381877817e-01
1.700000000000000178e+00,1.010000000000000009e+00,5.552025975770188415e-01
1.700000000000000178e+00,1.045000000000000151e+00,5.505593693476459327e-01
1.700000000000000178e+00,1.080000000000000071e+00,5.463535498246183675e-01
1.700000000000000178e+00,1.115000000000000213e+00,5.429301070331911117e-01
1.700000000000000178e+00,1.150000000000000133e+00,5.367826710086046615e-01
1.700000000000000178e+00,1.185000000000000053e+00,5.286997450854080682e-01
1.700000000000000178e+00,1.220000000000000195e+00,5.182439256654063353e-01
1.700000000000000178e+00,1.255000000000000115e+00,5.011604168010109772e-01
1.700000000000000178e+00,1.290000000000000036e+00,4.784322299954715252e-01
1.700000000000000178e+00,1.325000000000000178e+00,4.459824909303095053e-01
1.700000000000000178e+00,1.360000000000000098e+00,3.944989647185749848e-01
1.700000000000000178e+00,1.395000000000000018e+00,3.193401469756971811e-01
1.700000000000000178e+00,1.430000000000000160e+00,2.072664247343860289e-01
1.700000000000000178e+00,1.465000000000000080e+00,7.405169892505938933e-02
1.700000000000000178e+00,1.500000000000000000e+00,9.817005701744856844e-03
1.700000000000000178e+00,1.535000000000000142e+00,7.591936033156899966e-02
1.700000000000000178e+00,1.570000000000000062e+00,2.086477414953670506e-01
1.700000000000000178e+00,1.604999999999999982e+00,3.201928468294340524e-01
1.700000000000000178e+00,1.640000000000000124e+00,3.947970300598169224e-01
1.700000000000000178e+00,1.675000000000000266e+00,4.445583744869255893e-01
1.700000000000000178e+00,1.710000000000000187e+00,4.761633976198764717e-01
1.700000000000000178e+00,1.745000000000000107e+00,4.992550847824164251e-01
1.700000000000000178e+00,1.780000000000000249e+00,5.164882202627257834e-01
1.700000000000000178e+00,1.815000000000000169e+00,5.270984250020234185e-01
1.700000000000000178e+00,1.850000000000000089e+00,5.351765462450573940e-01
1.700000000000000178e+00,1.885000000000000231e+00,5.410812369130697519e-01
1.700000000000000178e+00,1.920000000000000151e+00,5.444512472345649501e-01
1.700000000000000178e+00,1.955000000000000071e+00,5.476417559338425667e-01
1.700000000000000178e+00,1.990000000000000213e+00,5.505002665415430485e-01
1.700000000000000178e+00,2.025000000000000355e+00,5.536888069862873074e-01
1.700000000000000178e+00,2.060000000000000497e+00,5.576476116710816777e-01
1.700000000000000178e+00,2.095000000000000195e+00,5.599157671675604186e-01
1.700000000000000178e+00,2.129999999999999893e+00,5.612771675176421171e-01
1.700000000000000178e+00,2.165000000000000036e+00,5.631315555253421090e-01
1.700000000000000178e+00,2.200000000000000178e+00,5.641376593562175135e-01
1.750000000000000000e+00,8.000000000000000444e-01,5.793340078681052940e-01
1.750000000000000000e+00,8.350000000000000755e-01,5.788782301199835167e-01
1.750000000000000000e+00,8.700000000000001066e-01,5.774904070314489379e-01
1.750000000000000000e+00,9.050000000000000266e-01,5.764912103219174133e-01
1.750000000000000000e+00,9.400000000000000577e-01,5.751062137964008114e-01
1.750000000000000000e+00,9.750000000000000888e-01,5.724130998089315137e-01
1.750000000000000000e+00,1.010000000000000009e+00,5.689598235993493791e-01
1.750000000000000000e+00,1.045000000000000151e+00,5.641823804412966492e-01
1.750000000000000000e+00,1.080000000000000071e+00,5.598538391766012534e-01
1.750000000000000000e+00,1.115000000000000213e+00,5.563293741853734264e-01
1.750000000000000000e+00,1.150000000000000133e+00,5.500026322517291844e-01
1.750000000000000000e+00,1.185000000000000053e+00,5.416834218771089393e-01
1.750000000000000000e+00,1.220000000000000195e+00,5.309196554211443875e-01
1.750000000000000000e+00,1.255000000000000115e+00,5.133342695869369532e-01
1.750000000000000000e+00,1.290000000000000036e+00,4.899392187744603389e-01
1.750000000000000000e+00,1.325000000000000178e+00,4.565350009953916821e-01
1.750000000000000000e+00,1.360000000000000098e+00,4.035370915082481247e-01
1.750000000000000000e+00,1.395000000000000018e+00,3.261691098167848746e-01
1.750000000000000000e+00,1.430000000000000160e+00,2.107995586976510183e-01
1.750000000000000000e+00,1.465000000000000080e+00,7.366620802894260911e-02
1.750000000000000000e+00,1.500000000000000000e+00,7.543126036507135680e-03
1.750000000000000000e+00,1.535000000000000142e+00,7.559057885810943622e-02
1.750000000000000000e+00,1.570000000000000062e+00,2.122222116713501638e-01
1.750000000000000000e+00,1.604999999999999982e+00,3.270482913090130839e-01
1.750000000000000000e+00,1.640000000000000124e+00,4.038478179921836109e-01
1.750000000000000000e+00,1.675000000000000266e+00,4.550725400488159766e-01
1.750000000000000000e+00,1.710000000000000187e+00,4.876068329549352320e-01
1.750000000000000000e+00,1.745000000000000107e+00,5.113786583448457490e-01
1.750000000000000000e+00,1.780000000000000249e+00,5.291189232907934636e-01
1.750000000000000000e+00,1.815000000000000169e+00,5.400406395815950944e-01
1.750000000000000000e+00,1.850000000000000089e+00,5.483569357483245588e-01
1.750000000000000000e+00,1.885000000000000231e+00,5.544359600296278057e-01
1.750000000000000000e+00,1.920000000000000151e+00,5.579045834257738701e-01
1.750000000000000000e+00,1.955000000000000071e+00,5.611890251018694098e-01
1.750000000000000000e+00,1.990000000000000213e+00,5.641324498208537541e-01
1.750000000000000000e+00,2.025000000000000355e+00,5.674145624405553257e-01
1.750000000000000000e+00,2.060000000000000497e+00,5.714894853923622176e-01
1.750000000000000000e+00,2.095000000000000195e+00,5.738250943018050609e-01
1.750000000000000000e+00,2.129999999999999893e+00,5.752267277667789669e-01
1.750000000000000000e+00,2.165000000000000036e+00,5.771351388580272523e-01
1.750000000000000000e+00,2.200000000000000178e+00,5.781712621962316057e-01
1.800000000000000044e+00,8.000000000000000444e-01,5.937928453352762093e-01
1.800000000000000044e+00,8.350000000000000755e-01,5.933272150599114836e-01
1.800000000000000044e+00,8.700000000000001066e-01,5.919000582470190786e-01
1.800000000000000044e+00,9.050000000000000266e-01,5.908740345986271958e-01
1.800000000000000044e+00,9.400000000000000577e-01,5.894524511860980143e-01
1.800000000000000044e+00,9.750000000000000888e-01,5.866828671850375931e-01
1.800000000000000044e+00,1.010000000000000009e+00,5.831312963026977769e-01
1.800000000000000044e+00,1.045000000000000151e+00,5.782197725363931173e-01
1.800000000000000044e+00,1.080000000000000071e+00,5.737685654633171151e-01
1.800000000000000044e+00,1.115000000000000213e+00,5.701430592605213343e-01
1.800000000000000044e+00,1.150000000000000133e+00,5.636370971911245364e-01
1.800000000000000044e+00,1.185000000000000053e+00,5.550816851458786338e-01
1.800000000000000044e+00,1.220000000000000195e+00,5.440099474862156725e-01
1.800000000000000044e+00,1.255000000000000115e+00,5.259227177778107443e-01
1.800000000000000044e+00,1.290000000000000036e+00,5.018608950770014898e-01
1.800000000000000044e+00,1.325000000000000178e+00,4.675021943198116592e-01
1.800000000000000044e+00,1.360000000000000098e+00,4.129898923049024617e-01
1.800000000000000044e+00,1.395000000000000018e+00,3.334128260656789577e-01
1.800000000000000044e+00,1.430000000000000160e+00,2.147474721870337999e-01
1.800000000000000044e+00,1.465000000000000080e+00,7.369546553388539589e-02
1.800000000000000044e+00,1.500000000000000000e+00,5.684044310267144517e-03
1.800000000000000044e+00,1.535000000000000142e+00,7.567664739741339353e-02
1.800000000000000044e+00,1.570000000000000062e+00,2.162115019019745510e-01
1.800000000000000044e+00,1.604999999999999982e+00,3.343185693238857614e-01
1.800000000000000044e+00,1.640000000000000124e+00,4.133135024752463416e-01
1.800000000000000044e+00,1.675000000000000266e+00,4.660015912285902506e-01
1.800000000000000044e+00,1.710000000000000187e+00,4.994651373518351756e-01
1.800000000000000044e+00,1.745000000000000107e+00,5.239171564524243152e-01
1.800000000000000044e+00,1.780000000000000249e+00,5.421645664377098273e-01
1.800000000000000044e+00,1.815000000000000169e+00,5.533977626632287095e-01
1.800000000000000044e+00,1.850000000000000089e+00,5.619522670749351745e-01
1.800000000000000044e+00,1.885000000000000231e+00,5.682056630404266340e-01
1.800000000000000044e+00,1.920000000000000151e+00,5.717728706611681089e-01
1.800000000000000044e+00,1.955000000000000071e+00,5.751512507132618968e-01
1.800000000000000044e+00,1.990000000000000213e+00,5.781796375589516312e-01
1.800000000000000044e+00,2.025000000000000355e+00,5.815553104435330356e-01
1.800000000000000044e+00,2.060000000000000497e+00,5.857463335386443593e-01
1.800000000000000044e+00,2.095000000000000195e+00,5.881494383157477301e-01
1.800000000000000044e+00,2.129999999999999893e+00,5.895913158629351170e-01
1.800000000000000044e+00,2.165000000000000036e+00,5.915537204525770365e-01
1.800000000000000044e+00,2.200000000000000178e+00,5.926198877677210097e-01
1.850000000000000089e+00,8.000000000000000444e-01,6.086654272334094395e-01
1.850000000000000089e+00,8.350000000000000755e-01,6.081901205249203857e-01
1.850000000000000089e+00,8.700000000000001066e-01,6.067236476745524465e-01
1.850000000000000089e+00,9.050000000000000266e-01,6.056708927283314114e-01
1.850000000000000089e+00,9.400000000000000577e-01,6.042128882311387228e-01
1.850000000000000089e+00,9.750000000000000888e-01,6.013668606665060201e-01
1.850000000000000089e+00,1.010000000000000009e+00,5.977170156870642570e-01
1.850000000000000089e+00,1.045000000000000151e+00,5.926715456329346710e-01
1.850000000000000089e+00,1.080000000000000071e+00,5.880977286847665075e-01
1.850000000000000089e+00,1.115000000000000213e+00,5.843711622586347243e-01
1.850000000000000089e+00,1.150000000000000133e+00,5.776860658267907178e-01
1.850000000000000089e+00,1.185000000000000053e+00,5.688945348917171518e-01
1.850000000000000089e+00,1.220000000000000195e+00,5.575148018606198574e-01
1.850000000000000089e+00,1.255000000000000115e+00,5.389257613736322394e-01
1.850000000000000089e+00,1.290000000000000036e+00,5.141972589030950891e-01
1.850000000000000089e+00,1.325000000000000178e+00,4.788840709035692700e-01
1.850000000000000089e+00,1.360000000000000098e+00,4.228573671085380514e-01
1.850000000000000089e+00,1.395000000000000018e+00,3.410712957223794306e-01
1.850000000000000089e+00,1.430000000000000160e+00,2.191101652025344015e-01
1.850000000000000089e+00,1.465000000000000080e+00,7.413947143988777744e-02
1.850000000000000089e+00,1.500000000000000000e+00,4.239760523024893764e-03
1.850000000000000089e+00,1.535000000000000142e+00,7.617756594948087157e-02
1.850000000000000089e+00,1.570000000000000062e+00,2.206156121872401288e-01
1.850000000000000089e+00,1.604999999999999982e+00,3.420036808740521406e-01
1.850000000000000089e+00,1.640000000000000124e+00,4.231940835090052255e-01
1.850000000000000089e+00,1.675000000000000266e+00,4.773455280262481892e-01
1.850000000000000089e+00,1.710000000000000187e+00,5.117383108105765244e-01
1.850000000000000089e+00,1.745000000000000107e+00,5.368705791051516796e-01
1.850000000000000089e+00,1.780000000000000249e+00,5.556251497034752074e-01
1.850000000000000089e+00,1.815000000000000169e+00,5.671697942469243747e-01
1.850000000000000089e+00,1.850000000000000089e+00,5.759625402248899073e-01
1.850000000000000089e+00,1.885000000000000231e+00,5.823903459454665699e-01
1.850000000000000089e+00,1.920000000000000151e+00,5.860561089407470003e-01
1.850000000000000089e+00,1.955000000000000071e+00,5.895284327680201386e-01
1.850000000000000089e+00,1.990000000000000213e+00,5.926418297558371240e-01
1.850000000000000089e+00,2.025000000000000355e+00,5.961110509952205483e-01
1.850000000000000089e+00,2.060000000000000497e+00,6.004181561099279918e-01
1.850000000000000089e+00,2.095000000000000195e+00,6.028887992093883152e-01
1.850000000000000089e+00,2.129999999999999893e+00,6.043709318061105673e-01
1.850000000000000089e+00,2.165000000000000036e+00,6.063873003089914615e-01
1.850000000000000089e+00,2.200000000000000178e+00,6.074835360706852816e-01
1.899999999999999911e+00,8.000000000000000444e-01,6.239517535625049849e-01
1.899999999999999911e+00,8.350000000000000755e-01,6.234669465150102230e-01
1.899999999999999911e+00,8.700000000000001066e-01,6.219611753140493748e-01
1.899999999999999911e+00,9.050000000000000266e-01,6.208817847110299493e-01
1.899999999999999911e+00,9.400000000000000577e-01,6.193875249315229370e-01
1.899999999999999911e+00,9.750000000000000888e-01,6.164650802533369056e-01
1.899999999999999911e+00,1.010000000000000009e+00,6.127169817524485973e-01
1.899999999999999911e+00,1.045000000000000151e+00,6.075376997309215321e-01
1.899999999999999911e+00,1.080000000000000071e+00,6.028413288409489867e-01
1.899999999999999911e+00,1.115000000000000213e+00,5.990136831797137074e-01
1.899999999999999911e+00,1.150000000000000133e+00,5.921495381587276174e-01
1.899999999999999911e+00,1.185000000000000053e+00,5.831219711146243823e-01
1.899999999999999911e+00,1.220000000000000195e+00,5.714342185443570532e-01
1.899999999999999911e+00,1.255000000000000115e+00,5.523434003744015497e-01
1.899999999999999911e+00,1.290000000000000036e+00,5.269483102527409146e-01
1.899999999999999911e+00,1.325000000000000178e+00,4.906806307466647921e-01
1.899999999999999911e+00,1.360000000000000098e+00,4.331395159191546718e-01
1.899999999999999911e+00,1.395000000000000018e+00,3.491445187868862376e-01
1.899999999999999911e+00,1.430000000000000160e+00,2.238876377441528787e-01
1.899999999999999911e+00,1.465000000000000080e+00,7.499822574694975374e-02
1.899999999999999911e+00,1.500000000000000000e+00,3.210274674780388190e-03
1.899999999999999911e+00,1.535000000000000142e+00,7.709333451431182871e-02
1.899999999999999911e+00,1.570000000000000062e+00,2.254345425271469527e-01
1.899999999999999911e+00,1.604999999999999982e+00,3.501036259595121103e-01
1.899999999999999911e+00,1.640000000000000124e+00,4.334895610934599852e-01
1.899999999999999911e+00,1.675000000000000266e+00,4.891043504417899035e-01
1.899999999999999911e+00,1.710000000000000187e+00,5.244263533311591674e-01
1.899999999999999911e+00,1.745000000000000107e+00,5.502389263030282862e-01
1.899999999999999911e+00,1.780000000000000249e+00,5.695006730880893819e-01
1.899999999999999911e+00,1.815000000000000169e+00,5.813567343326819792e-01
1.899999999999999911e+00,1.850000000000000089e+00,5.903877551981883132e-01
1.899999999999999911e+00,1.885000000000000231e+00,5.969900087447476134e-01
1.899999999999999911e+00,1.920000000000000151e+00,6.007542982645108776e-01
1.899999999999999911e+00,1.955000000000000071e+00,6.043205712661436912e-01
1.899999999999999911e+00,1.990000000000000213e+00,6.075190264115097882e-01
1.899999999999999911e+00,2.025000000000000355e+00,6.110817840956176417e-01
1.899999999999999911e+00,2.060000000000000497e+00,6.155049531062133372e-01
1.899999999999999911e+00,2.095000000000000195e+00,6.180431769827268162e-01
1.899999999999999911e+00,2.129999999999999893e+00,6.195655755963053180e-01
1.899999999999999911e+00,2.165000000000000036e+00,6.216358784272703053e-01
1.899999999999999911e+00,2.200000000000000178e+00,6.227622071051248653e-01
1.950000000000000178e+00,8.000000000000000444e-01,6.396518243225630673e-01
1.950000000000000178e+00,8.350000000000000755e-01,6.391576930301807735e-01
1.950000000000000178e+00,8.700000000000001066e-01,6.376126411655097526e-01
1.950000000000000178e+00,9.050000000000000266e-01,6.365067105467228092e-01
1.950000000000000178e+00,9.400000000000000577e-01,6.349763612872512120e-01
1.950000000000000178e+00,9.750000000000000888e-01,6.319775259455299166e-01
1.950000000000000178e+00,1.010000000000000009e+00,6.281311944988513529e-01
1.950000000000000178e+00,1.045000000000000151e+00,6.228182348303539229e-01
1.950000000000000178e+00,1.080000000000000071e+00,6.179993659318648858e-01
1.950000000000000178e+00,1.115000000000000213e+00,6.140706220237583945e-01
1.950000000000000178e+00,1.150000000000000133e+00,6.070275141869354574e-01
1.950000000000000178e+00,1.185000000000000053e+00,5.977639938146002141e-01
1.950000000000000178e+00,1.220000000000000195e+00,5.857681975374275929e-01
1.950000000000000178e+00,1.255000000000000115e+00,5.661756347801188971e-01
1.950000000000000178e+00,1.290000000000000036e+00,5.401140491259392995e-01
1.950000000000000178e+00,1.325000000000000178e+00,5.028918738490980589e-01
1.950000000000000178e+00,1.360000000000000098e+00,4.438363387367526003e-01
1.950000000000000178e+00,1.395000000000000018e+00,3.576324952591993789e-01
1.950000000000000178e+00,1.430000000000000160e+00,2.290798898118891480e-01
1.950000000000000178e+00,1.465000000000000080e+00,7.627172845507129706e-02
1.950000000000000178e+00,1.500000000000000000e+00,2.595586765533615652e-03
1.950000000000000178e+00,1.535000000000000142e+00,7.842395309190632047e-02
1.950000000000000178e+00,1.570000000000000062e+00,2.306682929216950784e-01
1.950000000000000178e+00,1.604999999999999982e+00,3.586184045802658371e-01
1.950000000000000178e+00,1.640000000000000124e+00,4.441999352286108427e-01
1.950000000000000178e+00,1.675000000000000266e+00,5.012780584752153379e-01
1.950000000000000178e+00,1.710000000000000187e+00,5.375292649135833267e-01
1.950000000000000178e+00,1.745000000000000107e+00,5.640221980460536910e-01
1.950000000000000178e+00,1.780000000000000249e+00,5.837911365915524620e-01
1.950000000000000178e+00,1.815000000000000169e+00,5.959585829205017449e-01
1.950000000000000178e+00,1.850000000000000089e+00,6.052279119948303920e-01
1.950000000000000178e+00,1.885000000000000231e+00,6.120046514382694314e-01
1.950000000000000178e+00,1.920000000000000151e+00,6.158674386324597405e-01
1.950000000000000178e+00,1.955000000000000071e+00,6.195276662076332208e-01
1.950000000000000178e+00,1.990000000000000213e+00,6.228112275259700681e-01
1.950000000000000178e+00,2.025000000000000355e+00,6.264675097447247598e-01
1.950000000000000178e+00,2.060000000000000497e+00,6.310067245275002845e-01
1.950000000000000178e+00,2.095000000000000195e+00,6.336125716357631221e-01
1.950000000000000178e+00,2.129999999999999893e+00,6.351752472335194799e-01
1.950000000000000178e+00,2.165000000000000036e+00,6.372994548074140120e-01
1.950000000000000178e+00,2.200000000000000178e+00,6.384559008710399830e-01
2.000000000000000000e+00,8.000000000000000444e-01,6.557656395135836869e-01
2.000000000000000000e+00,8.350000000000000755e-01,6.552623600704324813e-01
2.000000000000000000e+00,8.700000000000001066e-01,6.536780452289338017e-01
2.000000000000000000e+00,9.050000000000000266e-01,6.525456702354099914e-01
2.000000000000000000e+00,9.400000000000000577e-01,6.509793972983227706e-01
2.000000000000000000e+00,9.750000000000000888e-01,6.479041977430850530e-01
2.000000000000000000e+00,1.010000000000000009e+00,6.439596539262716357e-01
2.000000000000000000e+00,1.045000000000000151e+00,6.385131509312316211e-01
2.000000000000000000e+00,1.080000000000000071e+00,6.335718399575139825e-01
2.000000000000000000e+00,1.115000000000000213e+00,6.295419787907684528e-01
2.000000000000000000e+00,1.150000000000000133e+00,6.223199939114139045e-01
2.000000000000000000e+00,1.185000000000000053e+00,6.128206029916449804e-01
2.000000000000000000e+00,1.220000000000000195e+00,6.005167388398309214e-01
2.000000000000000000e+00,1.255000000000000115e+00,5.804224645907838376e-01
2.000000000000000000e+00,1.290000000000000036e+00,5.536944755226896886e-01
2.000000000000000000e+00,1.325000000000000178e+00,5.155178002108689039e-01
2.000000000000000000e+00,1.360000000000000098e+00,4.549478355613315594e-01
2.000000000000000000e+00,1.395000000000000018e+00,3.665352251393187433e-01
2.000000000000000000e+00,1.430000000000000160e+00,2.346869214057432651e-01
2.000000000000000000e+00,1.465000000000000080e+00,7.795997956425242126e-02
2.000000000000000000e+00,1.500000000000000000e+00,2.395696795284586993e-03
2.000000000000000000e+00,1.535000000000000142e+00,8.016942168226431908e-02
2.000000000000000000e+00,1.570000000000000062e+00,2.363168633708843669e-01
2.000000000000000000e+00,1.604999999999999982e+00,3.675480167363132100e-01
2.000000000000000000e+00,1.640000000000000124e+00,4.553252059144577424e-01
2.000000000000000000e+00,1.675000000000000266e+00,5.138666521265246034e-01
2.000000000000000000e+00,1.710000000000000187e+00,5.510470455578485582e-01
2.000000000000000000e+00,1.745000000000000107e+00,5.782203943342283381e-01
2.000000000000000000e+00,1.780000000000000249e+00,5.984965402138642254e-01
2.000000000000000000e+00,1.815000000000000169e+00,6.109753400103834498e-01
2.000000000000000000e+00,1.850000000000000089e+00,6.204830106148161439e-01
2.000000000000000000e+00,1.885000000000000231e+00,6.274342740260322460e-01
2.000000000000000000e+00,1.920000000000000151e+00,6.313955300445933672e-01
2.000000000000000000e+00,1.955000000000000071e+00,6.351497175924881722e-01
2.000000000000000000e+00,1.990000000000000213e+00,6.385184330992176305e-01
2.000000000000000000e+00,2.025000000000000355e+00,6.422682279425414587e-01
2.000000000000000000e+00,2.060000000000000497e+00,6.469234703737886116e-01
2.000000000000000000e+00,2.095000000000000195e+00,6.495969831684973439e-01
2.000000000000000000e+00,2.129999999999999893e+00,6.511999467177528311e-01
2.000000000000000000e+00,2.165000000000000036e+00,6.533780294494222485e-01
2.000000000000000000e+00,2.200000000000000178e+00,6.545646173684298574e-01
2.049999999999999822e+00,8.000000000000000444e-01,6.722931991355666215e-01
2.049999999999999822e+00,8.350000000000000755e-01,6.717809476357647913e-01
2.049999999999999822e+00,8.700000000000001066e-01,6.701573875043210782e-01
2.049999999999999822e+00,9.050000000000000266e-01,6.689986637770912736e-01
2.049999999999999822e+00,9.400000000000000577e-01,6.673966329647378348e-01
2.049999999999999822e+00,9.750000000000000888e-01,6.642450956460029809e-01
2.049999999999999822e+00,1.010000000000000009e+00,6.602023600347100007e-01
2.049999999999999822e+00,1.045000000000000151e+00,6.546224480335545159e-01
2.049999999999999822e+00,1.080000000000000071e+00,6.495587509178960550e-01
2.049999999999999822e+00,1.115000000000000213e+00,6.454277534807439931e-01
2.049999999999999822e+00,1.150000000000000133e+00,6.380269773321632920e-01
2.049999999999999822e+00,1.185000000000000053e+00,6.282917986457583481e-01
2.049999999999999822e+00,1.220000000000000195e+00,6.156798424515673718e-01
2.049999999999999822e+00,1.255000000000000115e+00,5.950838898063968152e-01
2.049999999999999822e+00,1.290000000000000036e+00,5.676895894429924150e-01
2.049999999999999822e+00,1.325000000000000178e+00,5.285584098319777713e-01
2.049999999999999822e+00,1.360000000000000098e+00,4.664740063928917713e-01
2.049999999999999822e+00,1.395000000000000018e+00,3.758527084272444974e-01
2.049999999999999822e+00,1.430000000000000160e+00,2.407087325257152299e-01
2.049999999999999822e+00,1.465000000000000080e+00,8.006297907449314022e-02
2.049999999999999822e+00,1.500000000000000000e+00,2.610604764033296141e-03
2.049999999999999822e+00,1.535000000000000142e+00,8.232974028538581068e-02
2.049999999999999822e+00,1.570000000000000062e+00,2.423802538747149571e-01
2.049999999999999822e+00,1.604999999999999982e+00,3.768924624276542290e-01
2.049999999999999822e+00,1.640000000000000124e+00,4.668653731510006288e-01
2.049999999999999822e+00,1.675000000000000266e+00,5.268701313957174781e-01
2.049999999999999822e+00,1.710000000000000187e+00,5.649796952639554171e-01
2.049999999999999822e+00,1.745000000000000107e+00,5.928335151675518944e-01
2.049999999999999822e+00,1.780000000000000249e+00,6.136168839550247833e-01
2.049999999999999822e+00,1.815000000000000169e+00,6.264070056023270938e-01
2.049999999999999822e+00,1.850000000000000089e+00,6.361530510581454578e-01
2.049999999999999822e+00,1.885000000000000231e+00,6.432788765080360571e-01
2.049999999999999822e+00,1.920000000000000151e+00,6.473385725009122016e-01
2.049999999999999822e+00,1.955000000000000071e+00,6.511867254207088784e-01
2.049999999999999822e+00,1.990000000000000213e+00,6.546406431312525864e-01
2.049999999999999822e+00,2.025000000000000355e+00,6.584839386890679602e-01
2.049999999999999822e+00,2.060000000000000497e+00,6.632551906450786516e-01
2.049999999999999822e+00,2.095000000000000195e+00,6.659964115809293705e-01
2.049999999999999822e+00,2.129999999999999893e+00,6.676396740490054826e-01
2.049999999999999822e+00,2.165000000000000036e+00,6.698716023532950148e-01
2.049999999999999822e+00,2.200000000000000178e+00,6.710883565972950437e-01
2.100000000000000089e+00,8.000000000000000444e-01,6.892345031885122042e-01
2.100000000000000089e+00,8.350000000000000755e-01,6.887134557261784806e-01
2.100000000000000089e+00,8.700000000000001066e-01,6.870506679916719150e-01
2.100000000000000089e+00,9.050000000000000266e-01,6.858656911717669891e-01
2.100000000000000089e+00,9.400000000000000577e-01,6.842280682864969599e-01
2.100000000000000089e+00,9.750000000000000888e-01,6.810002196542830344e-01
2.100000000000000089e+00,1.010000000000000009e+00,6.768593128241665591e-01
2.100000000000000089e+00,1.045000000000000151e+00,6.711461261373228293e-01
2.100000000000000089e+00,1.080000000000000071e+00,6.659600988130117694e-01
2.100000000000000089e+00,1.115000000000000213e+00,6.617279460936851265e-01
2.100000000000000089e+00,1.150000000000000133e+00,6.541484644491832867e-01
2.100000000000000089e+00,1.185000000000000053e+00,6.441775807769405393e-01
2.100000000000000089e+00,1.220000000000000195e+00,6.312575083726369440e-01
2.100000000000000089e+00,1.255000000000000115e+00,6.101599104269574969e-01
2.100000000000000089e+00,1.290000000000000036e+00,5.820993908868478117e-01
2.100000000000000089e+00,1.325000000000000178e+00,5.420137027124243279e-01
2.100000000000000089e+00,1.360000000000000098e+00,4.784148512314331803e-01
2.100000000000000089e+00,1.395000000000000018e+00,3.855849451229766411e-01
2.100000000000000089e+00,1.430000000000000160e+00,2.471453231718049870e-01
2.100000000000000089e+00,1.465000000000000080e+00,8.258072698579346782e-02
2.100000000000000089e+00,1.500000000000000000e+00,3.240310671779750035e-03
2.100000000000000089e+00,1.535000000000000142e+00,8.490490890127083690e-02
2.100000000000000089e+00,1.570000000000000062e+00,2.488584644331867934e-01
2.100000000000000089e+00,1.604999999999999982e+00,3.866517416542889496e-01
2.100000000000000089e+00,1.640000000000000124e+00,4.788204369382396131e-01
2.100000000000000089e+00,1.675000000000000266e+00,5.402884962827942950e-01
2.100000000000000089e+00,1.710000000000000187e+00,5.793272140319034591e-01
2.100000000000000089e+00,1.745000000000000107e+00,6.078615605460243598e-01
2.100000000000000089e+00,1.780000000000000249e+00,6.291521678150343577e-01
2.100000000000000089e+00,1.815000000000000169e+00,6.422535796963327881e-01
2.100000000000000089e+00,1.850000000000000089e+00,6.522380333248187778e-01
2.100000000000000089e+00,1.885000000000000231e+00,6.595384588842809759e-01
2.100000000000000089e+00,1.920000000000000151e+00,6.636965660014156887e-01
2.100000000000000089e+00,1.955000000000000071e+00,6.676386896922953396e-01
2.100000000000000089e+00,1.990000000000000213e+00,6.711778576220750470e-01
2.100000000000000089e+00,2.025000000000000355e+00,6.751146419843042645e-01
2.100000000000000089e+00,2.060000000000000497e+00,6.800018853413702935e-01
2.100000000000000089e+00,2.095000000000000195e+00,6.828108568730596462e-01
2.100000000000000089e+00,2.129999999999999893e+00,6.844944292272776565e-01
2.100000000000000089e+00,2.165000000000000036e+00,6.867801735190323109e-01
2.100000000000000089e+00,2.200000000000000178e+00,6.880271185576355419e-01
2.150000000000000355e+00,8.000000000000000444e-01,7.065895516724201020e-01
2.150000000000000355e+00,8.350000000000000755e-01,7.060598843416729942e-01
2.150000000000000355e+00,8.700000000000001066e-01,7.043578866909862013e-01
2.150000000000000355e+00,9.050000000000000266e-01,7.031467524194372487e-01
2.150000000000000355e+00,9.400000000000000577e-01,7.014737032635995906e-01
2.150000000000000355e+00,9.750000000000000888e-01,6.981695697679256574e-01
2.150000000000000355e+00,1.010000000000000009e+00,6.939305122946408666e-01
2.150000000000000355e+00,1.045000000000000151e+00,6.880841852425365612e-01
2.150000000000000355e+00,1.080000000000000071e+00,6.827758836428605704e-01
2.150000000000000355e+00,1.115000000000000213e+00,6.784425566295918530e-01
2.150000000000000355e+00,1.150000000000000133e+00,6.706844552624742217e-01
2.150000000000000355e+00,1.185000000000000053e+00,6.604779493851916650e-01
2.150000000000000355e+00,1.220000000000000195e+00,6.472497366030397492e-01
2.150000000000000355e+00,1.255000000000000115e+00,6.256505264524661047e-01
2.150000000000000355e+00,1.290000000000000036e+00,5.969238798542553237e-01
2.150000000000000355e+00,1.325000000000000178e+00,5.558836788522085737e-01
2.150000000000000355e+00,1.360000000000000098e+00,4.907703700769558419e-01
2.150000000000000355e+00,1.395000000000000018e+00,3.957319352265151191e-01
2.150000000000000355e+00,1.430000000000000160e+00,2.539966933440125918e-01
2.150000000000000355e+00,1.465000000000000080e+00,8.551322329815336243e-02
2.150000000000000355e+00,1.500000000000000000e+00,4.284814518523947374e-03
2.150000000000000355e+00,1.535000000000000142e+00,8.789492752991938385e-02
2.150000000000000355e+00,1.570000000000000062e+00,2.557514950462999592e-01
2.150000000000000355e+00,1.604999999999999982e+00,3.968258544162174273e-01
2.150000000000000355e+00,1.640000000000000124e+00,4.911903972761746395e-01
2.150000000000000355e+00,1.675000000000000266e+00,5.541217467877548319e-01
2.150000000000000355e+00,1.710000000000000187e+00,5.940896018616930174e-01
2.150000000000000355e+00,1.745000000000000107e+00,6.233045304696462896e-01
2.150000000000000355e+00,1.780000000000000249e+00,6.451023917938928376e-01
2.150000000000000355e+00,1.815000000000000169e+00,6.585150622924005326e-01
2.150000000000000355e+00,1.850000000000000089e+00,6.687379574148357708e-01
2.150000000000000355e+00,1.885000000000000231e+00,6.762130211547668912e-01
2.150000000000000355e+00,1.920000000000000151e+00,6.804695105461043836e-01
2.150000000000000355e+00,1.955000000000000071e+00,6.845056104072472225e-01
2.150000000000000355e+00,1.990000000000000213e+00,6.881300765716849011e-01
2.150000000000000355e+00,2.025000000000000355e+00,6.921603378282504826e-01
2.150000000000000355e+00,2.060000000000000497e+00,6.971635544626635372e-01
2.150000000000000355e+00,2.095000000000000195e+00,7.000403190448876156e-01
2.150000000000000355e+00,2.129999999999999893e+00,7.017642122525691306e-01
2.150000000000000355e+00,2.165000000000000036e+00,7.041037429466343589e-01
2.150000000000000355e+00,2.200000000000000178e+00,7.053809032494514630e-01
2.200000000000000178e+00,8.000000000000000444e-01,7.243583445872906479e-01
2.200000000000000178e+00,8.350000000000000755e-01,7.238202334822481099e-01
2.200000000000000178e+00,8.700000000000001066e-01,7.220790436022639369e-01
2.200000000000000178e+00,9.050000000000000266e-01,7.208418475201014974e-01
2.200000000000000178e+00,9.400000000000000577e-01,7.191335378960456159e-01
2.200000000000000178e+00,9.750000000000000888e-01,7.157531459869301838e-01
2.200000000000000178e+00,1.010000000000000009e+00,7.114159584461332564e-01
2.200000000000000178e+00,1.045000000000000151e+00,7.054366253491953787e-01
2.200000000000000178e+00,1.080000000000000071e+00,7.000061054074425693e-01
2.200000000000000178e+00,1.115000000000000213e+00,6.955715850884640616e-01
2.200000000000000178e+00,1.150000000000000133e+00,6.876349497720358750e-01
2.200000000000000178e+00,1.185000000000000053e+00,6.771929044705111700e-01
2.200000000000000178e+00,1.220000000000000195e+00,6.636565271427754542e-01
2.200000000000000178e+00,1.255000000000000115e+00,6.415557378829224167e-01
2.200000000000000178e+00,1.290000000000000036e+00,6.121630563452151730e-01
2.200000000000000178e+00,1.325000000000000178e+00,5.701683382513306197e-01
2.200000000000000178e+00,1.360000000000000098e+00,5.035405629294594787e-01
2.200000000000000178e+00,1.395000000000000018e+00,4.062936787378598757e-01
2.200000000000000178e+00,1.430000000000000160e+00,2.612628430423379888e-01
2.200000000000000178e+00,1.465000000000000080e+00,8.886046801157283792e-02
2.200000000000000178e+00,1.500000000000000000e+00,5.744116304265873413e-03
2.200000000000000178e+00,1.535000000000000142e+00,9.129979617133142378e-02
2.200000000000000178e+00,1.570000000000000062e+00,2.630593457140542046e-01
2.200000000000000178e+00,1.604999999999999982e+00,4.074148007134394955e-01
2.200000000000000178e+00,1.640000000000000124e+00,5.039752541648055972e-01
2.200000000000000178e+00,1.675000000000000266e+00,5.683698829105990891e-01
2.200000000000000178e+00,1.710000000000000187e+00,6.092668587533237590e-01
2.200000000000000178e+00,1.745000000000000107e+00,6.391624249384166845e-01
2.200000000000000178e+00,1.780000000000000249e+00,6.614675558915998899e-01
2.200000000000000178e+00,1.815000000000000169e+00,6.751914533905301052e-01
2.200000000000000178e+00,1.850000000000000089e+00,6.856528233281963258e-01
2.200000000000000178e+00,1.885000000000000231e+00,6.933025633194935811e-01
2.200000000000000178e+00,1.920000000000000151e+00,6.976574061349776201e-01
2.200000000000000178e+00,1.955000000000000071e+00,7.017874875655647493e-01
2.200000000000000178e+00,1.990000000000000213e+00,7.054972999800819267e-01
2.200000000000000178e+00,2.025000000000000355e+00,7.096210262209062813e-01
2.200000000000000178e+00,2.060000000000000497e+00,7.147401980089582718e-01
2.200000000000000178e+00,2.095000000000000195e+00,7.176847980964132789e-01
2.200000000000000178e+00,2.129999999999999893e+00,7.194490231248796830e-01
2.200000000000000178e+00,2.165000000000000036e+00,7.218423106361010477e-01
2.200000000000000178e+00,2.200000000000000178e+00,7.231497106727421409e-01
2.250000000000000000e+00,8.000000000000000444e-01,7.425408819331233978e-01
2.250000000000000000e+00,8.350000000000000755e-01,7.419945031479043829e-01
2.250000000000000000e+00,8.700000000000001066e-01,7.402141387255052329e-01
2.250000000000000000e+00,9.050000000000000266e-01,7.389509764737599573e-01
2.250000000000000000e+00,9.400000000000000577e-01,7.372075721838352580e-01
2.250000000000000000e+00,9.750000000000000888e-01,7.337509483112971687e-01
2.250000000000000000e+00,1.010000000000000009e+00,7.293156512786435064e-01
2.250000000000000000e+00,1.045000000000000151e+00,7.232034464572996146e-01
2.250000000000000000e+00,1.080000000000000071e+00,7.176507641067577659e-01
2.250000000000000000e+00,1.115000000000000213e+00,7.131150314703016413e-01
2.250000000000000000e+00,1.150000000000000133e+00,7.049999479778681355e-01
2.250000000000000000e+00,1.185000000000000053e+00,6.943224460328996095e-01
2.250000000000000000e+00,1.220000000000000195e+00,6.804778799918441701e-01
2.250000000000000000e+00,1.255000000000000115e+00,6.578755447183264327e-01
2.250000000000000000e+00,1.290000000000000036e+00,6.278169203597271375e-01
2.250000000000000000e+00,1.325000000000000178e+00,5.848676809097902440e-01
2.250000000000000000e+00,1.360000000000000098e+00,5.167254297889443126e-01
2.250000000000000000e+00,1.395000000000000018e+00,4.172701756570109666e-01
2.250000000000000000e+00,1.430000000000000160e+00,2.689437722667812336e-01
2.250000000000000000e+00,1.465000000000000080e+00,9.262246112605186654e-02
2.250000000000000000e+00,1.500000000000000000e+00,7.618216029005539860e-03
2.250000000000000000e+00,1.535000000000000142e+00,9.511951482550694281e-02
2.250000000000000000e+00,1.570000000000000062e+00,2.707820164364497240e-01
2.250000000000000000e+00,1.604999999999999982e+00,4.184185805459551544e-01
2.250000000000000000e+00,1.640000000000000124e+00,5.171750076041325972e-01
2.250000000000000000e+00,1.675000000000000266e+00,5.830329046513270663e-01
2.250000000000000000e+00,1.710000000000000187e+00,6.248589847067957948e-01
2.250000000000000000e+00,1.745000000000000107e+00,6.554352439523363216e-01
2.250000000000000000e+00,1.780000000000000249e+00,6.782476601081558476e-01
2.250000000000000000e+00,1.815000000000000169e+00,6.922827529907218391e-01
2.250000000000000000e+00,1.850000000000000089e+00,7.029826310649005539e-01
2.250000000000000000e+00,1.885000000000000231e+00,7.108070853784613785e-01
2.250000000000000000e+00,1.920000000000000151e+00,7.152602527680360645e-01
2.250000000000000000e+00,1.955000000000000071e+00,7.194843211672480310e-01
2.250000000000000000e+00,1.990000000000000213e+00,7.232795278472663458e-01
2.250000000000000000e+00,2.025000000000000355e+00,7.274967071622717718e-01
2.250000000000000000e+00,2.060000000000000497e+00,7.327318159802546083e-01
2.250000000000000000e+00,2.095000000000000195e+00,7.357442940276368581e-01
2.250000000000000000e+00,2.129999999999999893e+00,7.375488618442095357e-01
2.250000000000000000e+00,2.165000000000000036e+00,7.399958765874321553e-01
2.250000000000000000e+00,2.200000000000000178e+00,7.413335408275080196e-01
2.299999999999999822e+00,8.000000000000000444e-01,7.611371637099186849e-01
2.299999999999999822e+00,8.350000000000000755e-01,7.605826933386415911e-01
2.299999999999999822e+00,8.700000000000001066e-01,7.587631720607096453e-01
2.299999999999999822e+00,9.050000000000000266e-01,7.574741392804129614e-01
2.299999999999999822e+00,9.400000000000000577e-01,7.556958061269687388e-01
2.299999999999999822e+00,9.750000000000000888e-01,7.521629767410265011e-01
2.299999999999999822e+00,1.010000000000000009e+00,7.476295907921718387e-01
2.299999999999999822e+00,1.045000000000000151e+00,7.413846485668491582e-01
2.299999999999999822e+00,1.080000000000000071e+00,7.357098597408062712e-01
2.299999999999999822e+00,1.115000000000000213e+00,7.310728957751049251e-01
2.299999999999999822e+00,1.150000000000000133e+00,7.227794498799712253e-01
2.299999999999999822e+00,1.185000000000000053e+00,7.118665740723567614e-01
2.299999999999999822e+00,1.220000000000000195e+00,6.977137951502457858e-01
2.299999999999999822e+00,1.255000000000000115e+00,6.746099469586784858e-01
2.299999999999999822e+00,1.290000000000000036e+00,6.438854718977917724e-01
2.299999999999999822e+00,1.325000000000000178e+00,5.999817068275877796e-01
2.299999999999999822e+00,1.360000000000000098e+00,5.303249706554102882e-01
2.299999999999999822e+00,1.395000000000000018e+00,4.286614259839683916e-01
2.299999999999999822e+00,1.430000000000000160e+00,2.770394810173422706e-01
2.299999999999999822e+00,1.465000000000000080e+00,9.679920264159048993e-02
2.299999999999999822e+00,1.500000000000000000e+00,9.907113692742941513e-03
2.299999999999999822e+00,1.535000000000000142e+00,9.935408349244601034e-02
2.299999999999999822e+00,1.570000000000000062e+00,2.789195072134865172e-01
2.299999999999999822e+00,1.604999999999999982e+00,4.298371939137646258e-01
2.299999999999999822e+00,1.640000000000000124e+00,5.307896575941555284e-01
2.299999999999999822e+00,1.675000000000000266e+00,5.981108120099388747e-01
2.299999999999999822e+00,1.710000000000000187e+00,6.408659797221092358e-01
2.299999999999999822e+00,1.745000000000000107e+00,6.721229875114048680e-01
2.299999999999999822e+00,1.780000000000000249e+00,6.954427044435605998e-01
2.299999999999999822e+00,1.815000000000000169e+00,7.097889610929754012e-01
2.299999999999999822e+00,1.850000000000000089e+00,7.207273806249486769e-01
2.299999999999999822e+00,1.885000000000000231e+00,7.287265873316699505e-01
2.299999999999999822e+00,1.920000000000000151e+00,7.332780504452791615e-01
2.299999999999999822e+00,1.955000000000000071e+00,7.375961112122967345e-01
2.299999999999999822e+00,1.990000000000000213e+00,7.414767601732382696e-01
2.299999999999999822e+00,2.025000000000000355e+00,7.457873806523469540e-01
2.299999999999999822e+00,2.060000000000000497e+00,7.511384083765524355e-01
2.299999999999999822e+00,2.095000000000000195e+00,7.542188068385585753e-01
2.299999999999999822e+00,2.129999999999999893e+00,7.560637284105587996e-01
2.299999999999999822e+00,2.165000000000000036e+00,7.585644408006279038e-01
2.299999999999999822e+00,2.200000000000000178e+00,7.599323937137493212e-01
2.350000000000000089e+00,8.000000000000000444e-01,7.801471899176765090e-01
2.350000000000000089e+00,8.350000000000000755e-01,7.795848040544596236e-01
2.350000000000000089e+00,8.700000000000001066e-01,7.777261436078780621e-01
2.350000000000000089e+00,9.050000000000000266e-01,7.764113359400602876e-01
2.350000000000000089e+00,9.400000000000000577e-01,7.745982397254458363e-01
2.350000000000000089e+00,9.750000000000000888e-01,7.709892312761182920e-01
2.350000000000000089e+00,1.010000000000000009e+00,7.663577769867181422e-01
2.350000000000000089e+00,1.045000000000000151e+00,7.599802316778441202e-01
2.350000000000000089e+00,1.080000000000000071e+00,7.541833923095880854e-01
2.350000000000000089e+00,1.115000000000000213e+00,7.494451780028738019e-01
2.350000000000000089e+00,1.150000000000000133e+00,7.409734554783453664e-01
2.350000000000000089e+00,1.185000000000000053e+00,7.298252885888826258e-01
2.350000000000000089e+00,1.220000000000000195e+00,7.153642726179809674e-01
2.350000000000000089e+00,1.255000000000000115e+00,6.917589446039784651e-01
2.350000000000000089e+00,1.290000000000000036e+00,6.603687109594085225e-01
2.350000000000000089e+00,1.325000000000000178e+00,6.155104160047232265e-01
2.350000000000000089e+00,1.360000000000000098e+00,5.443391855288575165e-01
2.350000000000000089e+00,1.395000000000000018e+00,4.404674297187322618e-01
2.350000000000000089e+00,1.430000000000000160e+00,2.855499692940211554e-01
2.350000000000000089e+00,1.465000000000000080e+00,1.013906925581887636e-01
2.350000000000000089e+00,1.500000000000000000e+00,1.261080929547810613e-02
2.350000000000000089e+00,1.535000000000000142e+00,1.040035021721485986e-01
2.350000000000000089e+00,1.570000000000000062e+00,2.874718180451645844e-01
2.350000000000000089e+00,1.604999999999999982e+00,4.416706408168676878e-01
2.350000000000000089e+00,1.640000000000000124e+00,5.448192041348746129e-01
2.350000000000000089e+00,1.675000000000000266e+00,6.136036049864344033e-01
2.350000000000000089e+00,1.710000000000000187e+00,6.572878437992641931e-01
2.350000000000000089e+00,1.745000000000000107e+00,6.892256556156227676e-01
2.350000000000000089e+00,1.780000000000000249e+00,7.130526888978144795e-01
2.350000000000000089e+00,1.815000000000000169e+00,7.277100776972913465e-01
2.350000000000000089e+00,1.850000000000000089e+00,7.388870720083404731e-01
2.350000000000000089e+00,1.885000000000000231e+00,7.470610691791198521e-01
2.350000000000000089e+00,1.920000000000000151e+00,7.517107991667074662e-01
2.350000000000000089e+00,1.955000000000000071e+00,7.561228577007114149e-01
2.350000000000000089e+00,1.990000000000000213e+00,7.600889969579976979e-01
2.350000000000000089e+00,2.025000000000000355e+00,7.644930466911321609e-01
2.350000000000000089e+00,2.060000000000000497e+00,7.699599751978521978e-01
2.350000000000000089e+00,2.095000000000000195e+00,7.731083365291779863e-01
2.350000000000000089e+00,2.129999999999999893e+00,7.749936228239274749e-01
2.350000000000000089e+00,2.165000000000000036e+00,7.775480032756882931e-01
2.350000000000000089e+00,2.200000000000000178e+00,7.789462693314657127e-01
2.400000000000000355e+00,8.000000000000000444e-01,7.995709605563970923e-01
2.400000000000000355e+00,8.350000000000000755e-01,7.990008352953585913e-01
2.400000000000000355e+00,8.700000000000001066e-01,7.971030533670098173e-01
2.400000000000000355e+00,9.050000000000000266e-01,7.957625664527019360e-01
2.400000000000000355e+00,9.400000000000000577e-01,7.939148729792665504e-01
2.400000000000000355e+00,9.750000000000000888e-01,7.902297119165724304e-01
2.400000000000000355e+00,1.010000000000000009e+00,7.855002098622826390e-01
2.400000000000000355e+00,1.045000000000000151e+00,7.789901957902846119e-01
2.400000000000000355e+00,1.080000000000000071e+00,7.730713618131032083e-01
2.400000000000000355e+00,1.115000000000000213e+00,7.682318781536082719e-01
2.400000000000000355e+00,1.150000000000000133e+00,7.595819647729903368e-01
2.400000000000000355e+00,1.185000000000000053e+00,7.481985895824775357e-01
2.400000000000000355e+00,1.220000000000000195e+00,7.334293123950489379e-01
2.400000000000000355e+00,1.255000000000000115e+00,7.093225376542259264e-01
2.400000000000000355e+00,1.290000000000000036e+00,6.772666375445778320e-01
2.400000000000000355e+00,1.325000000000000178e+00,6.314538084411963625e-01
2.400000000000000355e+00,1.360000000000000098e+00,5.587680744092862195e-01
2.400000000000000355e+00,1.395000000000000018e+00,4.526881868613024107e-01
2.400000000000000355e+00,1.430000000000000160e+00,2.944752370968179989e-01
2.400000000000000355e+00,1.465000000000000080e+00,1.063969308758465765e-01
2.400000000000000355e+00,1.500000000000000000e+00,1.572930283721101288e-02
2.400000000000000355e+00,1.535000000000000142e+00,1.090677708646147215e-01
2.400000000000000355e+00,1.570000000000000062e+00,2.964389489314839810e-01
2.400000000000000355e+00,1.604999999999999982e+00,4.539189212552644515e-01
2.400000000000000355e+00,1.640000000000000124e+00,5.592636472262897396e-01
2.400000000000000355e+00,1.675000000000000266e+00,6.295112835808137630e-01
2.400000000000000355e+00,1.710000000000000187e+00,6.741245769382604447e-01
2.400000000000000355e+00,1.745000000000000107e+00,7.067432482649894654e-01
2.400000000000000355e+00,1.780000000000000249e+00,7.310776134709169316e-01
2.400000000000000355e+00,1.815000000000000169e+00,7.460461028036690090e-01
2.400000000000000355e+00,1.850000000000000089e+00,7.574617052150760532e-01
2.400000000000000355e+00,1.885000000000000231e+00,7.658105309208107503e-01
2.400000000000000355e+00,1.920000000000000151e+00,7.705584989323206457e-01
2.400000000000000355e+00,1.955000000000000071e+00,7.750645606324915171e-01
2.400000000000000355e+00,1.990000000000000213e+00,7.791162382015445198e-01
2.400000000000000355e+00,2.025000000000000355e+00,7.836137052786271706e-01
2.400000000000000355e+00,2.060000000000000497e+00,7.891965164441532288e-01
2.400000000000000355e+00,2.095000000000000195e+00,7.924128830994955353e-01
2.400000000000000355e+00,2.129999999999999893e+00,7.943385450843153395e-01
2.400000000000000355e+00,2.165000000000000036e+00,7.969465640126134343e-01
2.400000000000000355e+00,2.200000000000000178e+00,7.983751676806574160e-01
2.450000000000000178e+00,8.000000000000000444e-01,8.194084756260796576e-01
2.450000000000000178e+00,8.350000000000000755e-01,8.188307870613386052e-01
2.450000000000000178e+00,8.700000000000001066e-01,8.168939013381049108e-01
2.450000000000000178e+00,9.050000000000000266e-01,8.155278308183377955e-01
2.450000000000000178e+00,9.400000000000000577e-01,8.136457058884305482e-01
2.450000000000000178e+00,9.750000000000000888e-01,8.098844186623886943e-01
2.450000000000000178e+00,1.010000000000000009e+00,8.050568894188647739e-01
2.450000000000000178e+00,1.045000000000000151e+00,7.984145409041700781e-01
2.450000000000000178e+00,1.080000000000000071e+00,7.923737682513514180e-01
2.450000000000000178e+00,1.115000000000000213e+00,7.874329962273081129e-01
2.450000000000000178e+00,1.150000000000000133e+00,7.786049777639056924e-01
2.450000000000000178e+00,1.185000000000000053e+00,7.669864770531410469e-01
2.450000000000000178e+00,1.220000000000000195e+00,7.519089144814499193e-01
2.450000000000000178e+00,1.255000000000000115e+00,7.273007261094214249e-01
2.450000000000000178e+00,1.290000000000000036e+00,6.945792516532992567e-01
2.450000000000000178e+00,1.325000000000000178e+00,6.478118841370070768e-01
2.450000000000000178e+00,1.360000000000000098e+00,5.736116372966957311e-01
2.450000000000000178e+00,1.395000000000000018e+00,4.653236974116788383e-01
2.450000000000000178e+00,1.430000000000000160e+00,3.038152844257325236e-01
2.450000000000000178e+00,1.465000000000000080e+00,1.118179175945639703e-01
2.450000000000000178e+00,1.500000000000000000e+00,1.926259431794163229e-02
2.450000000000000178e+00,1.535000000000000142e+00,1.145468895698442957e-01
2.450000000000000178e+00,1.570000000000000062e+00,3.058208998724444294e-01
2.450000000000000178e+00,1.604999999999999982e+00,4.665820352289549722e-01
2.450000000000000178e+00,1.640000000000000124e+00,5.741229868684009086e-01
2.450000000000000178e+00,1.675000000000000266e+00,6.458338477930766208e-01
2.450000000000000178e+00,1.710000000000000187e+00,6.913761791390978795e-01
2.450000000000000178e+00,1.745000000000000107e+00,7.246757654595051834e-01
2.450000000000000178e+00,1.780000000000000249e+00,7.495174781628682892e-01
2.450000000000000178e+00,1.815000000000000169e+00,7.647970364121088327e-01
2.450000000000000178e+00,1.850000000000000089e+00,7.764512802451551954e-01
2.450000000000000178e+00,1.885000000000000231e+00,7.849749725567423120e-01
2.450000000000000178e+00,1.920000000000000151e+00,7.898211497421187000e-01
2.450000000000000178e+00,1.955000000000000071e+00,7.944212200076371522e-01
2.450000000000000178e+00,1.990000000000000213e+00,7.985584839038786242e-01
2.450000000000000178e+00,2.025000000000000355e+00,8.031493564148317610e-01
2.450000000000000178e+00,2.060000000000000497e+00,8.088480321154558617e-01
2.450000000000000178e+00,2.095000000000000195e+00,8.121324465495108891e-01
2.450000000000000178e+00,2.129999999999999893e+00,8.140984951917226153e-01
2.450000000000000178e+00,2.165000000000000036e+00,8.167601230114028832e-01
2.450000000000000178e+00,2.200000000000000178e+00,8.182190887613243202e-01
2.500000000000000000e+00,8.000000000000000444e-01,8.396597351267248710e-01
2.500000000000000000e+00,8.350000000000000755e-01,8.390746593523993324e-01
2.500000000000000000e+00,8.700000000000001066e-01,8.370986875211632317e-01
2.500000000000000000e+00,9.050000000000000266e-01,8.357071290369677552e-01
2.500000000000000000e+00,9.400000000000000577e-01,8.337907384529384958e-01
2.500000000000000000e+00,9.750000000000000888e-01,8.299533515135671946e-01
2.500000000000000000e+00,1.010000000000000009e+00,8.250278156564649912e-01
2.500000000000000000e+00,1.045000000000000151e+00,8.182532670195009628e-01
2.500000000000000000e+00,1.080000000000000071e+00,8.120906116243327144e-01
2.500000000000000000e+00,1.115000000000000213e+00,8.070485322239734360e-01
2.500000000000000000e+00,1.150000000000000133e+00,7.980424944510919882e-01
2.500000000000000000e+00,1.185000000000000053e+00,7.861889510008729376e-01
2.500000000000000000e+00,1.220000000000000195e+00,7.708030788771839115e-01
2.500000000000000000e+00,1.255000000000000115e+00,7.456935099695647384e-01
2.500000000000000000e+00,1.290000000000000036e+00,7.123065532855730186e-01
2.500000000000000000e+00,1.325000000000000178e+00,6.645846430921555914e-01
2.500000000000000000e+00,1.360000000000000098e+00,5.888698741910863843e-01
2.500000000000000000e+00,1.395000000000000018e+00,4.783739613698616000e-01
2.500000000000000000e+00,1.430000000000000160e+00,3.135701112807648405e-01
2.500000000000000000e+00,1.465000000000000080e+00,1.176536527143409172e-01
2.500000000000000000e+00,1.500000000000000000e+00,2.321068373766999385e-02
2.500000000000000000e+00,1.535000000000000142e+00,1.204408582878373768e-01
2.500000000000000000e+00,1.570000000000000062e+00,3.156176708680462628e-01
2.500000000000000000e+00,1.604999999999999982e+00,4.796599827379390280e-01
2.500000000000000000e+00,1.640000000000000124e+00,5.893972230612080088e-01
2.500000000000000000e+00,1.675000000000000266e+00,6.625712976232233098e-01
2.500000000000000000e+00,1.710000000000000187e+00,7.090426504017767195e-01
2.500000000000000000e+00,1.745000000000000107e+00,7.430232071991696996e-01
2.500000000000000000e+00,1.780000000000000249e+00,7.683722829736684412e-01
2.500000000000000000e+00,1.815000000000000169e+00,7.839628785226104846e-01
2.500000000000000000e+00,1.850000000000000089e+00,7.958557970985780106e-01
2.500000000000000000e+00,1.885000000000000231e+00,8.045543940869148702e-01
2.500000000000000000e+00,1.920000000000000151e+00,8.094987515961016289e-01
2.500000000000000000e+00,1.955000000000000071e+00,8.141928358261485421e-01
2.500000000000000000e+00,1.990000000000000213e+00,8.184157340650000112e-01
2.500000000000000000e+00,2.025000000000000355e+00,8.231000000997460431e-01
2.500000000000000000e+00,2.060000000000000497e+00,8.289145222117600964e-01
2.500000000000000000e+00,2.095000000000000195e+00,8.322670268792239368e-01
2.500000000000000000e+00,2.129999999999999893e+00,8.342734731461491915e-01
2.500000000000000000e+00,2.165000000000000036e+00,8.369886802720569730e-01
2.500000000000000000e+00,2.200000000000000178e+00,8.384780325734662032e-01
2.549999999999999822e+00,8.000000000000000444e-01,8.603247390583323995e-01
2.549999999999999822e+00,8.350000000000000755e-01,8.597324521685407728e-01
2.549999999999999822e+00,8.700000000000001066e-01,8.577174119161853350e-01
2.549999999999999822e+00,9.050000000000000266e-01,8.563004611085922591e-01
2.549999999999999822e+00,9.400000000000000577e-01,8.543499706727898380e-01
2.549999999999999822e+00,9.750000000000000888e-01,8.504365104701081535e-01
2.549999999999999822e+00,1.010000000000000009e+00,8.454129885750831797e-01
2.549999999999999822e+00,1.045000000000000151e+00,8.385063741362771550e-01
2.549999999999999822e+00,1.080000000000000071e+00,8.322218919320473196e-01
2.549999999999999822e+00,1.115000000000000213e+00,8.270784861436042412e-01
2.549999999999999822e+00,1.150000000000000133e+00,8.178945148345490024e-01
2.549999999999999822e+00,1.185000000000000053e+00,8.058060114256737627e-01
2.549999999999999822e+00,1.220000000000000195e+00,7.901118055822509145e-01
2.549999999999999822e+00,1.255000000000000115e+00,7.645008892346556451e-01
2.549999999999999822e+00,1.290000000000000036e+00,7.304485424413991179e-01
2.549999999999999822e+00,1.325000000000000178e+00,6.817720853066420172e-01
2.549999999999999822e+00,1.360000000000000098e+00,6.045427850924581792e-01
2.549999999999999822e+00,1.395000000000000018e+00,4.918389787358506959e-01
2.549999999999999822e+00,1.430000000000000160e+00,3.237397176619150052e-01
2.549999999999999822e+00,1.465000000000000080e+00,1.239041362351774450e-01
2.549999999999999822e+00,1.500000000000000000e+00,2.757357109639608714e-02
2.549999999999999822e+00,1.535000000000000142e+00,1.267496770185939647e-01
2.549999999999999822e+00,1.570000000000000062e+00,3.258292619182892591e-01
2.549999999999999822e+00,1.604999999999999982e+00,4.931527637822167298e-01
2.549999999999999822e+00,1.640000000000000124e+00,6.050863558047110402e-01
2.549999999999999822e+00,1.675000000000000266e+00,6.797236330712538299e-01
2.549999999999999822e+00,1.710000000000000187e+00,7.271239907262967428e-01
2.549999999999999822e+00,1.745000000000000107e+00,7.617855734839833470e-01
2.549999999999999822e+00,1.780000000000000249e+00,7.876420279033172767e-01
2.549999999999999822e+00,1.815000000000000169e+00,8.035436291351740756e-01
2.549999999999999822e+00,1.850000000000000089e+00,8.156752557753444988e-01
2.549999999999999822e+00,1.885000000000000231e+00,8.245487955113283141e-01
2.549999999999999822e+00,1.920000000000000151e+00,8.295913044942693215e-01
2.549999999999999822e+00,1.955000000000000071e+00,8.343794080880254649e-01
2.549999999999999822e+00,1.990000000000000213e+00,8.386879886849089027e-01
2.549999999999999822e+00,2.025000000000000355e+00,8.434656363333699058e-01
2.549999999999999822e+00,2.060000000000000497e+00,8.493959867330659330e-01
2.549999999999999822e+00,2.095000000000000195e+00,8.528166240886347893e-01
2.549999999999999822e+00,2.129999999999999893e+00,8.548634789475948459e-01
2.549999999999999822e+00,2.165000000000000036e+00,8.576322357945757036e-01
2.549999999999999822e+00,2.200000000000000178e+00,8.591519991170833981e-01
2.600000000000000089e+00,8.000000000000000444e-01,8.814034874209026871e-01
2.600000000000000089e+00,8.350000000000000755e-01,8.808041655097635925e-01
2.600000000000000089e+00,8.700000000000001066e-01,8.787500745231709987e-01
2.600000000000000089e+00,9.050000000000000266e-01,8.773078270332111961e-01
2.600000000000000089e+00,9.400000000000000577e-01,8.753234025479850189e-01
2.600000000000000089e+00,9.750000000000000888e-01,8.713338955320114598e-01
2.600000000000000089e+00,1.010000000000000009e+00,8.662124081747194504e-01
2.600000000000000089e+00,1.045000000000000151e+00,8.591738622544988768e-01
2.600000000000000089e+00,1.080000000000000071e+00,8.527676091744955666e-01
2.600000000000000089e+00,1.115000000000000213e+00,8.475228579862008615e-01
2.600000000000000089e+00,1.150000000000000133e+00,8.381610389142770678e-01
2.600000000000000089e+00,1.185000000000000053e+00,8.258376583275436333e-01
2.600000000000000089e+00,1.220000000000000195e+00,8.098350945966512615e-01
2.600000000000000089e+00,1.255000000000000115e+00,7.837228639046948109e-01
2.600000000000000089e+00,1.290000000000000036e+00,7.490052191207774435e-01
2.600000000000000089e+00,1.325000000000000178e+00,6.993742107804661323e-01
2.600000000000000089e+00,1.360000000000000098e+00,6.206303700008114488e-01
2.600000000000000089e+00,1.395000000000000018e+00,5.057187495096462371e-01
2.600000000000000089e+00,1.430000000000000160e+00,3.343241035691830176e-01
2.600000000000000089e+00,1.465000000000000080e+00,1.305693681570736508e-01
2.600000000000000089e+00,1.500000000000000000e+00,3.235125639411996767e-02
2.600000000000000089e+00,1.535000000000000142e+00,1.334733457621141428e-01
2.600000000000000089e+00,1.570000000000000062e+00,3.364556730231736403e-01
2.600000000000000089e+00,1.604999999999999982e+00,5.070603783617881888e-01
2.600000000000000089e+00,1.640000000000000124e+00,6.211903850989102249e-01
2.600000000000000089e+00,1.675000000000000266e+00,6.972908541371681812e-01
2.600000000000000089e+00,1.710000000000000187e+00,7.456202001126585044e-01
2.600000000000000089e+00,1.745000000000000107e+00,7.809628643139463477e-01
2.600000000000000089e+00,1.780000000000000249e+00,8.073267129518153506e-01
2.600000000000000089e+00,1.815000000000000169e+00,8.235392882498000500e-01
2.600000000000000089e+00,1.850000000000000089e+00,8.359096562754548820e-01
2.600000000000000089e+00,1.885000000000000231e+00,8.449581768299831985e-01
2.600000000000000089e+00,1.920000000000000151e+00,8.500988084366222219e-01
2.600000000000000089e+00,1.955000000000000071e+00,8.549809367932682536e-01
2.600000000000000089e+00,1.990000000000000213e+00,8.593752477636052989e-01
2.600000000000000089e+00,2.025000000000000355e+00,8.642462651157041265e-01
2.600000000000000089e+00,2.060000000000000497e+00,8.702924256793733715e-01
2.600000000000000089e+00,2.095000000000000195e+00,8.737812381777436688e-01
2.600000000000000089e+00,2.129999999999999893e+00,8.758685125960603557e-01
2.600000000000000089e+00,2.165000000000000036e+00,8.786907895789592970e-01
2.600000000000000089e+00,2.200000000000000178e+00,8.802409883921759048e-01
2.650000000000000355e+00,8.000000000000000444e-01,9.028959802144352897e-01
2.650000000000000355e+00,8.350000000000000755e-01,9.022897993760672364e-01
2.650000000000000355e+00,8.700000000000001066e-01,9.001966753421198897e-01
2.650000000000000355e+00,9.050000000000000266e-01,8.987292268108242332e-01
2.650000000000000355e+00,9.400000000000000577e-01,8.967110340785240385e-01
2.650000000000000355e+00,9.750000000000000888e-01,8.926455066992773357e-01
2.650000000000000355e+00,1.010000000000000009e+00,8.874260744553738034e-01
2.650000000000000355e+00,1.045000000000000151e+00,8.802557313741659062e-01
2.650000000000000355e+00,1.080000000000000071e+00,8.737277633516769004e-01
2.650000000000000355e+00,1.115000000000000213e+00,8.683816477517628529e-01
2.650000000000000355e+00,1.150000000000000133e+00,8.588420666902758516e-01
2.650000000000000355e+00,1.185000000000000053e+00,8.462838917064822164e-01
2.650000000000000355e+00,1.220000000000000195e+00,8.299729459203847304e-01
2.650000000000000355e+00,1.255000000000000115e+00,8.033594339796816808e-01
2.650000000000000355e+00,1.290000000000000036e+00,7.679765833237085504e-01
2.650000000000000355e+00,1.325000000000000178e+00,7.173910195136280477e-01
2.650000000000000355e+00,1.360000000000000098e+00,6.371326289161456380e-01
2.650000000000000355e+00,1.395000000000000018e+00,5.200132736912480569e-01
2.650000000000000355e+00,1.430000000000000160e+00,3.453232690025689888e-01
2.650000000000000355e+00,1.465000000000000080e+00,1.376493484800294376e-01
2.650000000000000355e+00,1.500000000000000000e+00,3.754373963084157995e-02
2.650000000000000355e+00,1.535000000000000142e+00,1.406118645183978000e-01
2.650000000000000355e+00,1.570000000000000062e+00,3.474969041826991289e-01
2.650000000000000355e+00,1.604999999999999982e+00,5.213828264766533493e-01
2.650000000000000355e+00,1.640000000000000124e+00,6.377093109438056739e-01
2.650000000000000355e+00,1.675000000000000266e+00,7.152729608209662526e-01
2.650000000000000355e+00,1.710000000000000187e+00,7.645312785608614492e-01
2.650000000000000355e+00,1.745000000000000107e+00,8.005550796890582577e-01
2.650000000000000355e+00,1.780000000000000249e+00,8.274263381191621081e-01
2.650000000000000355e+00,1.815000000000000169e+00,8.439498558664879635e-01
2.650000000000000355e+00,1.850000000000000089e+00,8.565589985989089383e-01
2.650000000000000355e+00,1.885000000000000231e+00,8.657825380428789686e-01
2.650000000000000355e+00,1.920000000000000151e+00,8.710212634231601081e-01
2.650000000000000355e+00,1.955000000000000071e+00,8.759974219418765751e-01
2.650000000000000355e+00,1.990000000000000213e+00,8.804775113010891996e-01
2.650000000000000355e+00,2.025000000000000355e+00,8.854418864467478167e-01
2.650000000000000355e+00,2.060000000000000497e+00,8.916038390506825229e-01
2.650000000000000355e+00,2.095000000000000195e+00,8.951608691465509082e-01
2.650000000000000355e+00,2.129999999999999893e+00,8.972885740915448327e-01
2.650000000000000355e+00,2.165000000000000036e+00,9.001643416252074203e-01
2.650000000000000355e+00,2.200000000000000178e+00,9.017450003987437235e-01
2.700000000000000178e+00,8.000000000000000444e-01,9.248022174389303185e-01
2.700000000000000178e+00,8.350000000000000755e-01,9.241893537674517045e-01
2.700000000000000178e+00,8.700000000000001066e-01,9.220572143730323411e-01
2.700000000000000178e+00,9.050000000000000266e-01,9.205646604414318146e-01
2.700000000000000178e+00,9.400000000000000577e-01,9.185128652644063418e-01
2.700000000000000178e+00,9.750000000000000888e-01,9.143713439719052261e-01
2.700000000000000178e+00,1.010000000000000009e+00,9.090539874170461276e-01
2.700000000000000178e+00,1.045000000000000151e+00,9.017519814952779100e-01
2.700000000000000178e+00,1.080000000000000071e+00,8.951023544635913209e-01
2.700000000000000178e+00,1.115000000000000213e+00,8.896548554402904374e-01
2.700000000000000178e+00,1.150000000000000133e+00,8.799375981625452425e-01
2.700000000000000178e+00,1.185000000000000053e+00,8.671447115624894009e-01
2.700000000000000178e+00,1.220000000000000195e+00,8.505253595534508770e-01
2.700000000000000178e+00,1.255000000000000115e+00,8.234105994596160327e-01
2.700000000000000178e+00,1.290000000000000036e+00,7.873626350501915505e-01
2.700000000000000178e+00,1.325000000000000178e+00,7.358225115061277632e-01
2.700000000000000178e+00,1.360000000000000098e+00,6.540495618384611909e-01
2.700000000000000178e+00,1.395000000000000018e+00,5.347225512806561554e-01
2.700000000000000178e+00,1.430000000000000160e+00,3.567372139620725857e-01
2.700000000000000178e+00,1.465000000000000080e+00,1.451440772040447080e-01
2.700000000000000178e+00,1.500000000000000000e+00,4.315102080656089967e-02
2.700000000000000178e+00,1.535000000000000142e+00,1.481652332874449363e-01
2.700000000000000178e+00,1.570000000000000062e+00,3.589529553968659470e-01
2.700000000000000178e+00,1.604999999999999982e+00,5.361201081268121005e-01
2.700000000000000178e+00,1.640000000000000124e+00,6.546431333393968321e-01
2.700000000000000178e+00,1.675000000000000266e+00,7.336699531226480442e-01
2.700000000000000178e+00,1.710000000000000187e+00,7.838572260709056883e-01
2.700000000000000178e+00,1.745000000000000107e+00,8.205622196093190768e-01
2.700000000000000178e+00,1.780000000000000249e+00,8.479409034053576599e-01
2.700000000000000178e+00,1.815000000000000169e+00,8.647753319852377052e-01
2.700000000000000178e+00,1.850000000000000089e+00,8.776232827457067787e-01
2.700000000000000178e+00,1.885000000000000231e+00,8.870218791500155131e-01
2.700000000000000178e+00,1.920000000000000151e+00,8.923586694538828690e-01
2.700000000000000178e+00,1.955000000000000071e+00,8.974288635338505404e-01
2.700000000000000178e+00,1.990000000000000213e+00,9.019947792973600498e-01
2.700000000000000178e+00,2.025000000000000355e+00,9.070525003265009767e-01
2.700000000000000178e+00,2.060000000000000497e+00,9.133302268469930540e-01
2.700000000000000178e+00,2.095000000000000195e+00,9.169555169950555085e-01
2.700000000000000178e+00,2.129999999999999893e+00,9.191236634340487210e-01
2.700000000000000178e+00,2.165000000000000036e+00,9.220528919333196294e-01
2.700000000000000178e+00,2.200000000000000178e+00,9.236640351367865209e-01
2.750000000000000000e+00,8.000000000000000444e-01,9.471221990943878843e-01
2.750000000000000000e+00,8.350000000000000755e-01,9.465028286839168858e-01
2.750000000000000000e+00,8.700000000000001066e-01,9.443316916159081309e-01
2.750000000000000000e+00,9.050000000000000266e-01,9.428141279250333850e-01
2.750000000000000000e+00,9.400000000000000577e-01,9.407288961056322618e-01
2.750000000000000000e+00,9.750000000000000888e-01,9.365114073498954639e-01
2.750000000000000000e+00,1.010000000000000009e+00,9.310961470597363121e-01
2.750000000000000000e+00,1.045000000000000151e+00,9.236626126178353324e-01
2.750000000000000000e+00,1.080000000000000071e+00,9.168913825102388282e-01
2.750000000000000000e+00,1.115000000000000213e+00,9.113424810517836150e-01
2.750000000000000000e+00,1.150000000000000133e+00,9.014476333310853517e-01
2.750000000000000000e+00,1.185000000000000053e+00,8.884201178955651867e-01
2.750000000000000000e+00,1.220000000000000195e+00,8.714923354958502566e-01
2.750000000000000000e+00,1.255000000000000115e+00,8.438763603444985328e-01
2.750000000000000000e+00,1.290000000000000036e+00,8.071633743002267769e-01
2.750000000000000000e+00,1.325000000000000178e+00,7.546686867579650571e-01
2.750000000000000000e+00,1.360000000000000098e+00,6.713811687677575524e-01
2.750000000000000000e+00,1.395000000000000018e+00,5.498465822778705325e-01
2.750000000000000000e+00,1.430000000000000160e+00,3.685659384476940859e-01
2.750000000000000000e+00,1.465000000000000080e+00,1.530535543291196010e-01
2.750000000000000000e+00,1.500000000000000000e+00,4.917309992127794072e-02
2.750000000000000000e+00,1.535000000000000142e+00,1.561334520692555516e-01
2.750000000000000000e+00,1.570000000000000062e+00,3.708238266656738724e-01
2.750000000000000000e+00,1.604999999999999982e+00,5.512722233122645532e-01
2.750000000000000000e+00,1.640000000000000124e+00,6.719918522856840326e-01
2.750000000000000000e+00,1.675000000000000266e+00,7.524818310422135559e-01
2.750000000000000000e+00,1.710000000000000187e+00,8.035980426427911105e-01
2.750000000000000000e+00,1.745000000000000107e+00,8.409842840747289161e-01
2.750000000000000000e+00,1.780000000000000249e+00,8.688704088104018952e-01
2.750000000000000000e+00,1.815000000000000169e+00,8.860157166060492751e-01
2.750000000000000000e+00,1.850000000000000089e+00,8.991025087158481810e-01
2.750000000000000000e+00,1.885000000000000231e+00,9.086762001513930542e-01
2.750000000000000000e+00,1.920000000000000151e+00,9.141110265287900605e-01
2.750000000000000000e+00,1.955000000000000071e+00,9.192752615691899276e-01
2.750000000000000000e+00,1.990000000000000213e+00,9.239270517524185156e-01
2.750000000000000000e+00,2.025000000000000355e+00,9.290781067549642724e-01
2.750000000000000000e+00,2.060000000000000497e+00,9.354715890683049651e-01
2.750000000000000000e+00,2.095000000000000195e+00,9.391651817232580246e-01
2.750000000000000000e+00,2.129999999999999893e+00,9.413737806235716876e-01
2.750000000000000000e+00,2.165000000000000036e+00,9.443564405032971454e-01
2.750000000000000000e+00,2.200000000000000178e+00,9.459980926063042972e-01
2.799999999999999822e+00,8.000000000000000444e-01,9.698559251808075432e-01
2.799999999999999822e+00,8.350000000000000755e-01,9.692302241254632245e-01
2.799999999999999822e+00,8.700000000000001066e-01,9.670201070707475921e-01
2.799999999999999822e+00,9.050000000000000266e-01,9.654776292616293887e-01
2.799999999999999822e+00,9.400000000000000577e-01,9.633591266022015764e-01
2.799999999999999822e+00,9.750000000000000888e-01,9.590656968332480492e-01
2.799999999999999822e+00,1.010000000000000009e+00,9.535525533834443568e-01
2.799999999999999822e+00,1.045000000000000151e+00,9.459876247418382844e-01
2.799999999999999822e+00,1.080000000000000071e+00,9.390948474916198663e-01
2.799999999999999822e+00,1.115000000000000213e+00,9.334445245862419416e-01
2.799999999999999822e+00,1.150000000000000133e+00,9.233721721958964013e-01
2.799999999999999822e+00,1.185000000000000053e+00,9.101101107057099071e-01
2.799999999999999822e+00,1.220000000000000195e+00,8.928738737475827580e-01
2.799999999999999822e+00,1.255000000000000115e+00,8.647567166343285150e-01
2.799999999999999822e+00,1.290000000000000036e+00,8.273788010738145626e-01
2.799999999999999822e+00,1.325000000000000178e+00,7.739295452691401511e-01
2.799999999999999822e+00,1.360000000000000098e+00,6.891274497040352776e-01
2.799999999999999822e+00,1.395000000000000018e+00,5.653853666828912994e-01
2.799999999999999822e+00,1.430000000000000160e+00,3.808094424594333227e-01
2.799999999999999822e+00,1.465000000000000080e+00,1.613777798552540610e-01
2.799999999999999822e+00,1.500000000000000000e+00,5.560997697499273085e-02
2.799999999999999822e+00,1.535000000000000142e+00,1.645165208638297016e-01
2.799999999999999822e+00,1.570000000000000062e+00,3.831095179891231273e-01
2.799999999999999822e+00,1.604999999999999982e+00,5.668391720330107075e-01
2.799999999999999822e+00,1.640000000000000124e+00,6.897554677826671643e-01
2.799999999999999822e+00,1.675000000000000266e+00,7.717085945796627877e-01
2.799999999999999822e+00,1.710000000000000187e+00,8.237537282765179381e-01
2.799999999999999822e+00,1.745000000000000107e+00,8.618212730852876646e-01
2.799999999999999822e+00,1.780000000000000249e+00,8.902148543342950360e-01
2.799999999999999822e+00,1.815000000000000169e+00,9.076710097289231172e-01
2.799999999999999822e+00,1.850000000000000089e+00,9.209966765093333674e-01
2.799999999999999822e+00,1.885000000000000231e+00,9.307455010470113699e-01
2.799999999999999822e+00,1.920000000000000151e+00,9.362783346478826818e-01
2.799999999999999822e+00,1.955000000000000071e+00,9.415366160478951807e-01
2.799999999999999822e+00,1.990000000000000213e+00,9.462743286662643749e-01
2.799999999999999822e+00,2.025000000000000355e+00,9.515187057321370379e-01
2.799999999999999822e+00,2.060000000000000497e+00,9.580279257146187000e-01
2.799999999999999822e+00,2.095000000000000195e+00,9.617898633311585677e-01
2.799999999999999822e+00,2.129999999999999893e+00,9.640389256601140655e-01
2.799999999999999822e+00,2.165000000000000036e+00,9.670749873351386361e-01
2.799999999999999822e+00,2.200000000000000178e+00,9.687471728072974964e-01
2.850000000000000089e+00,8.000000000000000444e-01,9.930033956981904053e-01
2.850000000000000089e+00,8.350000000000000755e-01,9.923715400920904983e-01
2.850000000000000089e+00,8.700000000000001066e-01,9.901224607375505027e-01
2.850000000000000089e+00,9.050000000000000266e-01,9.885551644512196034e-01
2.850000000000000089e+00,9.400000000000000577e-01,9.864035567541150629e-01
2.850000000000000089e+00,9.750000000000000888e-01,9.820342124219628710e-01
2.850000000000000089e+00,1.010000000000000009e+00,9.764232063881705947e-01
2.850000000000000089e+00,1.045000000000000151e+00,9.687270178672865439e-01
2.850000000000000089e+00,1.080000000000000071e+00,9.617127494077342131e-01
2.850000000000000089e+00,1.115000000000000213e+00,9.559609860436664164e-01
2.850000000000000089e+00,1.150000000000000133e+00,9.457112147569781690e-01
2.850000000000000089e+00,1.185000000000000053e+00,9.322146899929234509e-01
2.850000000000000089e+00,1.220000000000000195e+00,9.146699743086482703e-01
2.850000000000000089e+00,1.255000000000000115e+00,8.860516683291067563e-01
2.850000000000000089e+00,1.290000000000000036e+00,8.480089153709547967e-01
2.850000000000000089e+00,1.325000000000000178e+00,7.936050870396531565e-01
2.850000000000000089e+00,1.360000000000000098e+00,7.072884046472943664e-01
2.850000000000000089e+00,1.395000000000000018e+00,5.813389044957185670e-01
2.850000000000000089e+00,1.430000000000000160e+00,3.934677259972905183e-01
2.850000000000000089e+00,1.465000000000000080e+00,1.701167537824481990e-01
2.850000000000000089e+00,1.500000000000000000e+00,6.246165196770531169e-02
2.850000000000000089e+00,1.535000000000000142e+00,1.733144396711674695e-01
2.850000000000000089e+00,1.570000000000000062e+00,3.958100293672137115e-01
2.850000000000000089e+00,1.604999999999999982e+00,5.828209542890506745e-01
2.850000000000000089e+00,1.640000000000000124e+00,7.079339798303467823e-01
2.850000000000000089e+00,1.675000000000000266e+00,7.913502437349960728e-01
2.850000000000000089e+00,1.710000000000000187e+00,8.443242829720863929e-01
2.850000000000000089e+00,1.745000000000000107e+00,8.830731866409955444e-01
2.850000000000000089e+00,1.780000000000000249e+00,9.119742399770371932e-01
2.850000000000000089e+00,1.815000000000000169e+00,9.297412113538590095e-01
2.850000000000000089e+00,1.850000000000000089e+00,9.433057861261622268e-01
2.850000000000000089e+00,1.885000000000000231e+00,9.532297818368711262e-01
2.850000000000000089e+00,1.920000000000000151e+00,9.588605938111602889e-01
2.850000000000000089e+00,1.955000000000000071e+00,9.642129269699659666e-01
2.850000000000000089e+00,1.990000000000000213e+00,9.690366100388978499e-01
2.850000000000000089e+00,2.025000000000000355e+00,9.743742972580198280e-01
2.850000000000000089e+00,2.060000000000000497e+00,9.809992367859342588e-01
2.850000000000000089e+00,2.095000000000000195e+00,9.848295618187569156e-01
2.850000000000000089e+00,2.129999999999999893e+00,9.871190985436759657e-01
2.850000000000000089e+00,2.165000000000000036e+00,9.902085324288452117e-01
2.850000000000000089e+00,2.200000000000000178e+00,9.919112757397661184e-01
2.900000000000000355e+00,8.000000000000000444e-01,1.016564610646535138e+00
2.900000000000000355e+00,8.350000000000000755e-01,1.015926776583798929e+00
2.900000000000000355e+00,8.700000000000001066e-01,1.013638752616316863e+00
2.900000000000000355e+00,9.050000000000000266e-01,1.012046733493804362e+00
2.900000000000000355e+00,9.400000000000000577e-01,1.009862186561371944e+00
2.900000000000000355e+00,9.750000000000000888e-01,1.005416954116040484e+00
2.900000000000000355e+00,1.010000000000000009e+00,9.997081060739150260e-01
2.900000000000000355e+00,1.045000000000000151e+00,9.918807919941801110e-01
2.900000000000000355e+00,1.080000000000000071e+00,9.847450882585817578e-01
2.900000000000000355e+00,1.115000000000000213e+00,9.788918654240560402e-01
2.900000000000000355e+00,1.150000000000000133e+00,9.684647610143308771e-01
2.900000000000000355e+00,1.185000000000000053e+00,9.547338557572059292e-01
2.900000000000000355e+00,1.220000000000000195e+00,9.368806371790470156e-01
2.900000000000000355e+00,1.255000000000000115e+00,9.077612154288327018e-01
2.900000000000000355e+00,1.290000000000000036e+00,8.690537171916473680e-01
2.900000000000000355e+00,1.325000000000000178e+00,8.136953120695038510e-01
2.900000000000000355e+00,1.360000000000000098e+00,7.258640335975345970e-01
2.900000000000000355e+00,1.395000000000000018e+00,5.977071957163522242e-01
2.900000000000000355e+00,1.430000000000000160e+00,4.065407890612655617e-01
2.900000000000000355e+00,1.465000000000000080e+00,1.792704761107018763e-01
2.900000000000000355e+00,1.500000000000000000e+00,6.972812489941564162e-02
2.900000000000000355e+00,1.535000000000000142e+00,1.825272084912687165e-01
2.900000000000000355e+00,1.570000000000000062e+00,4.089253607999455697e-01
2.900000000000000355e+00,1.604999999999999982e+00,5.992175700803841210e-01
2.900000000000000355e+00,1.640000000000000124e+00,7.265273884287221096e-01
2.900000000000000355e+00,1.675000000000000266e+00,8.114067785082128559e-01
2.900000000000000355e+00,1.710000000000000187e+00,8.653097067294961420e-01
2.900000000000000355e+00,1.745000000000000107e+00,9.047400247418525554e-01
2.900000000000000355e+00,1.780000000000000249e+00,9.341485657386281449e-01
2.900000000000000355e+00,1.815000000000000169e+00,9.522263214808568410e-01
2.900000000000000355e+00,1.850000000000000089e+00,9.660298375663352033e-01
2.900000000000000355e+00,1.885000000000000231e+00,9.761290425209717680e-01
2.900000000000000355e+00,1.920000000000000151e+00,9.818578040186225486e-01
2.900000000000000355e+00,1.955000000000000071e+00,9.873041943354028405e-01
2.900000000000000355e+00,1.990000000000000213e+00,9.922138958703187184e-01
2.900000000000000355e+00,2.025000000000000355e+00,9.976448813326125320e-01
2.900000000000000355e+00,2.060000000000000497e+00,1.004385522282251086e+00
2.900000000000000355e+00,2.095000000000000195e+00,1.008284277186053179e+00
2.900000000000000355e+00,2.129999999999999893e+00,1.010614299274257055e+00
2.900000000000000355e+00,2.165000000000000036e+00,1.013757075784416095e+00
2.900000000000000355e+00,2.200000000000000178e+00,1.015490401403709830e+00
2.950000000000000178e+00,8.000000000000000444e-01,1.040539570025842631e+00
2.950000000000000178e+00,8.350000000000000755e-01,1.039895933600587741e+00
2.950000000000000178e+00,8.700000000000001066e-01,1.037568982707046450e+00
2.950000000000000178e+00,9.050000000000000266e-01,1.035952336389383222e+00
2.950000000000000178e+00,9.400000000000000577e-01,1.033735016023972220e+00
2.950000000000000178e+00,9.750000000000000888e-01,1.029213921915479890e+00
2.950000000000000178e+00,1.010000000000000009e+00,1.023407252440676984e+00
2.950000000000000178e+00,1.045000000000000151e+00,1.015448947122518986e+00
2.950000000000000178e+00,1.080000000000000071e+00,1.008191864044162278e+00
2.950000000000000178e+00,1.115000000000000213e+00,1.002237162727411368e+00
2.950000000000000178e+00,1.150000000000000133e+00,9.916328109679541924e-01
2.950000000000000178e+00,1.185000000000000053e+00,9.776676079985565648e-01
2.950000000000000178e+00,1.220000000000000195e+00,9.595058623587785496e-01
2.950000000000000178e+00,1.255000000000000115e+00,9.298853579335061292e-01
2.950000000000000178e+00,1.290000000000000036e+00,8.905132065358918325e-01
2.950000000000000178e+00,1.325000000000000178e+00,8.342002203586923459e-01
2.950000000000000178e+00,1.360000000000000098e+00,7.448543365547557471e-01
2.950000000000000178e+00,1.395000000000000018e+00,6.144902403447919381e-01
2.950000000000000178e+00,1.430000000000000160e+00,4.200286316513583418e-01
2.950000000000000178e+00,1.465000000000000080e+00,1.888389468400150650e-01
2.950000000000000178e+00,1.500000000000000000e+00,7.740939577012365125e-02
2.950000000000000178e+00,1.535000000000000142e+00,1.921548273241333593e-01
2.950000000000000178e+00,1.570000000000000062e+00,4.224555122873184798e-01
2.950000000000000178e+00,1.604999999999999982e+00,6.160290194070113801e-01
2.950000000000000178e+00,1.640000000000000124e+00,7.455356935777934790e-01
2.950000000000000178e+00,1.675000000000000266e+00,8.318781988993133591e-01
2.950000000000000178e+00,1.710000000000000187e+00,8.867099995487469632e-01
2.950000000000000178e+00,1.745000000000000107e+00,9.268217873878584756e-01
2.950000000000000178e+00,1.780000000000000249e+00,9.567378316190675580e-01
2.950000000000000178e+00,1.815000000000000169e+00,9.751263401099168338e-01
2.950000000000000178e+00,1.850000000000000089e+00,9.891688308298511867e-01
2.950000000000000178e+00,1.885000000000000231e+00,9.994432830993129624e-01
2.950000000000000178e+00,1.920000000000000151e+00,1.005269965270269905e+00
2.950000000000000178e+00,1.955000000000000071e+00,1.010810418144204803e+00
2.950000000000000178e+00,1.990000000000000213e+00,1.015806186160526536e+00
2.950000000000000178e+00,2.025000000000000355e+00,1.021330457955914595e+00
2.950000000000000178e+00,2.060000000000000497e+00,1.028186782203569738e+00
2.950000000000000178e+00,2.095000000000000195e+00,1.032154009433047470e+00
2.950000000000000178e+00,2.129999999999999893e+00,1.034524527851857334e+00
2.950000000000000178e+00,2.165000000000000036e+00,1.037720617401851841e+00
2.950000000000000178e+00,2.200000000000000178e+00,1.039484549799128743e+00
3.000000000000000000e+00,8.000000000000000444e-01,1.064928273836112327e+00
3.000000000000000000e+00,8.350000000000000755e-01,1.064279011142457598e+00
3.000000000000000000e+00,8.700000000000001066e-01,1.061913151009739709e+00
3.000000000000000000e+00,9.050000000000000266e-01,1.060271973137956403e+00
3.000000000000000000e+00,9.400000000000000577e-01,1.058022045141916667e+00
3.000000000000000000e+00,9.750000000000000888e-01,1.053425115820281643e+00
3.000000000000000000e+00,1.010000000000000009e+00,1.047520645488456914e+00
3.000000000000000000e+00,1.045000000000000151e+00,1.039431483252303279e+00
3.000000000000000000e+00,1.080000000000000071e+00,1.032053076764475996e+00
3.000000000000000000e+00,1.115000000000000213e+00,1.025996877953731845e+00
3.000000000000000000e+00,1.150000000000000133e+00,1.015215364617848115e+00
3.000000000000000000e+00,1.185000000000000053e+00,1.001015946716976135e+00
3.000000000000000000e+00,1.220000000000000195e+00,9.825456498478433165e-01
3.000000000000000000e+00,1.255000000000000115e+00,9.524240958431275939e-01
3.000000000000000000e+00,1.290000000000000036e+00,9.123873834036888564e-01
3.000000000000000000e+00,1.325000000000000178e+00,8.551198119072185300e-01
3.000000000000000000e+00,1.360000000000000098e+00,7.642593135189581499e-01
3.000000000000000000e+00,1.395000000000000018e+00,6.316880383810380417e-01
3.000000000000000000e+00,1.430000000000000160e+00,4.339312537675689141e-01
3.000000000000000000e+00,1.465000000000000080e+00,1.988221659703878486e-01
3.000000000000000000e+00,1.500000000000000000e+00,8.550546457982939608e-02
3.000000000000000000e+00,1.535000000000000142e+00,2.021972961697615645e-01
3.000000000000000000e+00,1.570000000000000062e+00,4.364004838293327193e-01
3.000000000000000000e+00,1.604999999999999982e+00,6.332553022689320077e-01
3.000000000000000000e+00,1.640000000000000124e+00,7.649588952775606687e-01
3.000000000000000000e+00,1.675000000000000266e+00,8.527645049082975826e-01
3.000000000000000000e+00,1.710000000000000187e+00,9.085251614298393008e-01
3.000000000000000000e+00,1.745000000000000107e+00,9.493184745790133050e-01
3.000000000000000000e+00,1.780000000000000249e+00,9.797420376183562096e-01
3.000000000000000000e+00,1.815000000000000169e+00,9.984412672410384326e-01
3.000000000000000000e+00,1.850000000000000089e+00,1.012722765916711287e+00
3.000000000000000000e+00,1.885000000000000231e+00,1.023172503571895486e+00
3.000000000000000000e+00,1.920000000000000151e+00,1.029097077566101914e+00
3.000000000000000000e+00,1.955000000000000071e+00,1.034731598396372521e+00
3.000000000000000000e+00,1.990000000000000213e+00,1.039813480909522081e+00
3.000000000000000000e+00,2.025000000000000355e+00,1.045431027127926349e+00
3.000000000000000000e+00,2.060000000000000497e+00,1.052403016549889658e+00
3.000000000000000000e+00,2.095000000000000195e+00,1.056438758559739455e+00
3.000000000000000000e+00,2.129999999999999893e+00,1.058849784276477024e+00
3.000000000000000000e+00,2.165000000000000036e+00,1.062099157281152007e+00
3.000000000000000000e+00,2.200000000000000178e+00,1.063893720926022635e+00
